DATE,P01,P02,P03,P04,P06,P07,P08,P11,T01,T02,T03,T04,T05,T06,T07,T08,T09
4/24/79,558.85,559.5,557.56,559.56,560.95,559.85,556.72,NA,NA,NA,560.08,NA,570,NA,NA,577.25,NA
5/1/79,558.9,559.58,557.56,559.59,560.98,559.91,556.73,NA,NA,NA,560.08,NA,569.99,NA,NA,577.22,NA
5/9/79,558.93,559.61,557.57,559.62,560.99,559.94,556.75,NA,NA,NA,560.08,NA,569.97,NA,NA,577.21,NA
5/17/79,558.93,559.61,557.56,559.62,560.99,559.94,556.73,NA,NA,NA,560.06,NA,569.93,NA,NA,577.16,NA
5/24/79,558.93,559.61,557.57,559.62,560.99,559.93,556.74,NA,NA,NA,560.07,NA,569.92,NA,NA,577.14,NA
5/31/79,558.92,559.6,557.56,559.6,560.98,559.92,556.73,NA,NA,NA,560.06,NA,569.86,NA,NA,577.1,NA
6/6/79,558.91,559.34,557.54,NA,560.96,559.9,556.72,NA,NA,NA,560.05,NA,569.82,NA,NA,577.05,NA
6/12/79,558.89,559.56,557.53,559.56,560.94,559.88,556.7,NA,NA,NA,560.02,NA,569.77,NA,NA,576.96,NA
6/21/79,558.96,559.61,557.59,559.63,561,559.94,556.75,NA,NA,NA,560.08,NA,569.88,NA,NA,577.26,NA
6/28/79,558.94,559.3,557.57,559.61,560.98,559.93,556.71,NA,NA,NA,560.05,NA,569.83,NA,NA,577.21,NA
7/12/79,558.91,559.57,557.53,559.57,560.94,559.88,556.68,NA,NA,NA,559.98,NA,569.72,NA,NA,577.08,NA
7/26/79,558.84,559.49,557.43,559.5,560.87,559.81,556.61,NA,NA,NA,559.85,NA,569.56,NA,NA,576.96,NA
8/9/79,558.85,559.52,557.46,559.52,560.88,559.82,556.61,NA,NA,NA,559.92,NA,569.56,NA,NA,576.96,NA
8/23/79,558.79,559.45,557.37,559.46,560.84,559.75,556.58,NA,558.66,556.55,559.72,NA,569.56,NA,NA,576.96,NA
9/5/79,558.75,559.41,557.3,559.42,560.76,559.7,556.54,NA,558.66,556.51,559.66,NA,569.56,NA,NA,576.96,NA
9/17/79,558.71,559.37,557.21,559.38,560.71,559.64,556.5,NA,558.66,556.47,559.66,NA,569.56,564.26,569.56,576.96,576.16
10/2/79,558.65,559.29,557.16,559.31,560.63,559.55,556.45,NA,558.66,556.4,559.66,NA,569.56,564.26,569.56,576.96,576.16
10/15/79,558.63,559.27,557.16,559.28,560.6,559.51,556.42,NA,558.66,556.37,559.66,NA,569.56,564.26,569.56,576.96,576.16
10/30/79,558.61,NA,557.16,559.27,560.59,559.49,556.41,NA,558.66,556.36,559.66,NA,569.56,564.26,569.56,576.96,576.16
4/1/80,558.79,559.37,557.54,559.49,560.74,559.65,556.69,NA,558.97,556.58,559.98,562.36,569.94,564.51,569.79,577.4,576.61
4/7/80,558.78,559.36,557.51,559.47,560.72,559.64,556.69,NA,558.94,556.57,559.95,562.33,569.92,564.49,569.79,577.37,576.58
4/16/80,558.76,559.36,557.46,559.44,560.7,559.6,556.67,NA,558.66,556.56,559.86,562.27,569.87,564.4,569.76,577.31,576.53
4/22/80,558.72,559.33,557.41,559.41,560.69,559.57,556.64,NA,558.66,556.52,559.78,562.11,569.77,564.26,569.68,577.2,576.47
4/28/80,558.71,559.3,557.38,559.39,560.65,559.56,556.63,NA,558.66,556.81,559.66,561.94,569.56,564.26,569.56,577.11,576.43
5/5/80,558.68,NA,557.33,559.36,560.64,559.52,556.61,NA,558.66,556.49,559.66,561.94,569.56,564.26,569.56,576.96,576.37
5/12/80,558.65,559.24,557.31,559.33,560.62,559.49,556.58,NA,558.66,556.47,559.66,561.94,569.56,564.26,569.56,576.96,576.16
5/19/80,558.63,559.21,557.16,559.31,560.6,559.49,556.56,NA,558.66,556.45,559.66,561.94,569.56,564.26,569.56,576.96,576.16
6/2/80,558.65,559.23,557.35,559.33,560.65,559.49,556.58,NA,558.66,556.74,559.85,561.94,569.56,564.26,569.56,576.96,576.16
6/16/80,558.72,559.28,557.41,559.4,560.75,559.6,556.62,NA,558.66,556.58,559.95,561.94,569.62,564.26,569.56,577.11,576.36
6/30/80,558.68,559.24,557.33,NA,560.71,559.55,556.58,NA,558.66,556.54,559.87,561.94,569.56,564.26,569.56,576.96,576.16
7/14/80,558.6,559.15,557.16,559.27,560.6,559.43,556.49,NA,558.66,556.44,559.66,561.94,569.56,564.26,569.56,576.96,576.16
7/29/80,558.54,559.08,557.16,559.19,560.52,559.34,556.47,NA,NA,556.36,NA,NA,NA,NA,NA,NA,NA
8/11/80,558.54,559.08,557.16,559.18,560.52,559.34,556.43,NA,NA,556.37,NA,NA,NA,NA,NA,NA,NA
8/25/80,558.58,559.12,557.16,559.23,560.56,559.41,556.47,NA,NA,556.44,NA,NA,NA,NA,NA,NA,NA
9/9/80,558.57,559.1,557.16,559.23,560.55,559.41,556.45,NA,NA,556.44,NA,NA,NA,NA,NA,NA,NA
9/25/80,558.6,559.12,557.16,559.25,560.58,559.44,556.47,NA,NA,556.48,NA,NA,NA,NA,NA,NA,NA
10/7/80,558.56,559.09,557.16,559.22,560.54,559.4,556.44,NA,NA,556.44,NA,NA,NA,NA,NA,NA,NA
3/6/81,558.67,559.18,557.42,559.39,560.42,559.52,556.64,542.59,558.83,556.5,559.99,562.16,569.77,564.26,569.56,577.32,576.42
3/16/81,558.66,559.17,557.42,559.38,560.42,559.51,556.64,542.57,558.85,556.48,559.99,562.16,569.79,564.26,569.56,577.34,576.44
4/1/81,558.74,559.22,557.58,559.42,560.49,559.58,556.7,542.59,558.86,556.55,560.11,562.28,570,564.68,569.98,577.48,576.48
4/7/81,558.74,559.21,557.57,559.4,560.48,559.57,556.69,542.56,558.81,556.54,560.09,562.19,569.97,564.64,569.94,577.44,576.45
4/15/81,558.71,559.41,557.53,559.38,560.45,559.54,556.67,542.55,558.77,556.51,560.06,562.05,569.92,564.56,569.88,577.38,576.39
4/21/81,558.69,559.17,557.51,559.36,560.44,559.52,556.64,542.52,558.66,556.5,560.02,561.94,569.85,564.5,569.83,577.3,576.33
4/29/81,558.69,559.18,557.51,559.36,560.44,559.52,556.65,542.52,558.66,556.5,560.02,561.94,569.81,564.46,569.8,577.23,576.3
5/13/81,558.65,559.14,557.45,559.3,560.41,559.49,556.61,542.47,558.66,556.46,559.97,561.94,569.65,564.26,569.56,576.96,576.16
5/27/81,558.66,559.15,557.45,559.31,560.42,559.49,556.61,542.47,NA,556.46,559.98,NA,569.56,NA,NA,576.96,NA
6/10/81,558.7,559.17,557.48,559.36,560.47,559.53,556.64,542.48,NA,556.49,560.03,NA,569.56,NA,NA,577.1,NA
6/23/81,558.71,559.17,557.48,559.34,560.48,559.53,556.64,542.48,NA,556.49,560.04,NA,569.56,NA,NA,576.96,NA
7/6/81,558.65,559.11,557.38,559.27,560.41,559.46,556.57,542.43,NA,556.42,559.95,NA,569.56,NA,NA,576.96,NA
7/20/81,558.62,559.08,557.16,559.25,560.38,559.42,556.54,542.4,NA,556.4,559.9,NA,569.56,NA,NA,576.96,NA
8/4/81,558.57,559.03,557.16,559.19,560.32,559.35,556.5,542.37,NA,556.34,559.66,NA,NA,NA,NA,NA,NA
8/19/81,558.49,558.94,557.16,559.08,560.26,559.22,556.42,542.29,NA,556.23,559.66,NA,NA,NA,NA,NA,NA
9/1/81,558.42,558.86,557.16,NA,560.26,559.12,556.36,541.96,NA,556.16,559.66,NA,NA,NA,NA,NA,NA
9/9/81,558.43,558.87,557.16,558.99,560.26,559.13,556.37,541.96,NA,556.16,559.66,NA,NA,NA,NA,NA,NA
9/30/81,558.41,558.84,557.16,NA,560.26,558.96,556.34,541.96,NA,556.16,559.66,NA,569.56,NA,NA,576.96,NA
10/14/81,558.42,558.85,557.16,559.01,560.26,559.08,556.34,542.17,NA,556.16,559.66,NA,569.56,NA,NA,576.96,NA
11/4/81,558.48,558.82,557.16,559.01,560.26,559.06,556.33,542.22,NA,556.16,559.66,NA,569.56,NA,NA,576.96,NA
11/16/81,558.4,558.82,557.16,558.99,560.26,559.03,556.32,542.19,NA,556.16,559.66,NA,569.56,NA,NA,576.96,NA
4/30/82,558.87,559.27,557.84,559.59,560.92,559.52,556.74,542.92,558.66,556.63,560.05,562.04,570.06,564.63,570.16,577.54,576.8
5/12/82,558.85,559.25,557.8,559.57,560.9,559.5,556.72,542.9,558.66,556.62,560.03,561.94,569.99,564.6,570.11,577.48,576.74
5/17/82,558.92,559.33,557.84,559.62,560.96,559.58,556.77,542.95,558.95,556.69,560.08,562.08,570.04,564.67,570.16,577.53,576.8
5/26/82,558.91,559.31,557.83,NA,560.95,559.57,556.74,542.94,558.66,556.7,560.06,561.94,569.98,564.64,570.13,577.48,576.76
6/8/82,558.89,559.34,557.84,559.63,560.93,559.54,556.72,542.94,558.97,556.68,560.03,562.1,569.92,564.6,570.08,577.42,576.71
6/24/82,558.94,559.32,557.81,559.61,560.97,559.58,556.73,542.93,558.66,556.68,560.04,561.94,569.92,564.62,570.09,577.42,576.71
7/8/82,558.86,559.24,557.71,559.54,560.9,559.48,556.65,542.87,558.66,556.61,559.92,561.94,569.78,564.49,569.98,577.29,576.61
7/19/82,558.86,559.23,557.7,559.53,560.89,559.46,556.64,542.86,558.66,556.6,559.91,561.94,569.76,564.44,569.95,577.26,576.59
8/3/82,558.77,559.13,557.58,559.45,560.79,559.34,556.55,542.8,558.66,556.51,559.66,561.94,569.56,564.26,569.8,576.96,576.47
8/16/82,558.71,559.07,557.5,559.39,560.72,559.26,556.5,542.76,558.66,556.44,559.66,561.94,569.56,564.26,569.56,576.96,576.39
9/1/82,558.64,559,557.58,559.32,560.64,559.24,556.45,542.71,558.66,556.36,559.66,561.94,569.56,564.26,569.56,576.96,576.16
9/13/82,558.58,558.93,557.28,559.25,560.56,559.06,556.39,542.66,558.66,556.27,559.66,561.94,569.56,564.26,569.56,576.96,576.16
9/29/82,558.56,558.89,557.19,559.22,560.52,558.98,556.36,542.64,558.66,556.21,559.66,561.94,569.56,564.26,569.56,576.96,576.16
10/13/82,558.75,559.1,557.5,559.41,560.76,559.32,556.53,542.81,558.66,556.5,559.89,561.94,569.72,564.37,569.78,577.13,576.44
10/27/82,558.73,559.09,557.48,559.4,560.75,559.3,556.52,542.61,558.66,556.48,559.82,561.94,569.56,564.26,570,576.96,576.39
5/3/83,559.08,559.29,557.96,559.36,561.17,559.7,556.76,542.48,559.02,556.71,560.06,562.09,570.1,564.61,570.08,577.56,576.75
5/10/83,559.05,559.28,557.93,559.65,561.14,559.67,556.74,542.47,NA,556.68,560.01,NA,570.03,564.48,570.02,577.5,576.7
5/17/83,559.06,559.28,557.92,559.64,561.15,559.68,556.74,542.46,559.01,556.69,560.03,NA,570,564.53,570.02,577.49,576.69
5/24/83,559.08,559.3,557.93,559.66,561.17,559.7,556.75,542.46,559.03,556.7,560.06,NA,569.98,564.53,570.02,577.49,576.69
6/7/83,559.01,559.26,557.87,559.6,561.12,559.64,556.7,542.4,558.66,556.65,559.99,NA,569.86,564.26,569.93,577.38,576.61
6/21/83,559.01,559.25,557.83,559.58,561.1,559.61,556.68,542.37,NA,NA,559.96,561.94,569.79,564.26,569.89,577.33,576.57
6/26/83,559,559.24,557.81,559.58,561.1,559.6,556.67,542.35,NA,NA,559.95,561.94,569.77,564.26,569.86,577.3,576.55
7/12/83,558.98,559.21,557.77,559.54,561.07,559.55,556.64,NA,NA,556.59,559.9,561.94,569.56,564.26,569.78,577.19,576.49
7/26/83,558.89,559.12,557.66,559.46,560.98,559.43,556.56,NA,NA,556.5,559.66,561.94,569.56,564.26,569.56,576.96,576.35
8/9/83,558.84,559.06,557.58,559.42,560.93,559.35,556.5,NA,NA,556.44,559.66,561.94,569.56,564.26,569.56,576.96,NA
8/23/83,558.75,558.96,557.44,559.32,560.83,559.21,556.42,NA,NA,556.33,559.66,561.94,569.56,564.26,569.56,576.96,NA
9/7/83,558.69,558.89,557.32,559.25,560.75,559.12,556.37,NA,NA,556.26,559.66,561.94,569.56,564.26,569.56,576.96,NA
9/20/83,558.67,558.87,557.26,559.22,560.73,559.08,556.35,NA,NA,556.16,559.66,561.94,569.56,564.26,569.56,576.96,NA
4/24/84,558.97,559.3,557.97,559.69,561.25,559.68,556.75,542.47,558.98,556.64,560.02,562.08,570.09,564.65,570.08,577.62,576.71
5/10/84,559.07,559.38,557.98,559.75,561.3,559.78,556.76,542.92,559.04,556.66,560.05,562.08,570.07,564.68,570.1,577.63,576.73
5/24/84,559.02,559.34,557.91,559.69,561.25,559.72,556.71,542.85,558.99,556.65,559.98,561.94,569.96,564.61,570.01,577.53,576.64
6/7/84,559,559.34,557.9,559.68,561.23,559.72,556.7,542.83,NA,556.67,559.97,561.95,569.92,564.6,569.98,577.49,NA
6/21/84,559,NA,557.88,559.67,561.22,559.71,556.69,542.83,558.66,556.65,559.96,NA,569.88,564.58,569.95,577.45,576.58
7/5/84,559,559.34,557.88,NA,NA,559.71,556.69,542.8,558.98,556.65,559.98,NA,569.86,564.57,569.94,577.44,576.57
7/17/84,558.96,559.3,557.82,559.64,561.2,559.66,556.65,NA,558.66,556.61,559.9,561.94,569.75,564.49,569.88,577.36,576.52
8/2/84,558.85,559.19,557.68,559.54,561.09,559.52,556.55,542.68,558.66,556.5,559.66,561.94,569.56,564.26,569.69,577.15,576.37
8/22/84,558.73,559.06,557.5,559.42,560.96,559.34,556.43,542.59,NA,556.16,NA,NA,NA,NA,NA,NA,NA
9/5/84,558.63,558.96,557.35,559.33,560.87,559.21,556.35,542.53,NA,NA,NA,NA,NA,NA,NA,NA,NA
9/19/84,558.59,558.9,557.16,559.27,560.82,559.13,556.31,542.5,NA,NA,NA,NA,NA,NA,NA,NA,NA
10/23/84,558.64,558.97,557.33,559.33,560.87,559.2,556.36,NA,NA,556.16,NA,NA,NA,NA,NA,NA,NA
4/19/85,558.75,NA,NA,NA,NA,NA,556.62,542.55,558.66,556.57,559.66,561.94,569.87,NA,NA,577.24,NA
5/2/85,558.72,NA,NA,NA,NA,NA,556.59,542.51,558.66,556.54,559.66,561.94,569.71,NA,NA,577.08,NA
5/16/85,558.7,NA,NA,NA,NA,NA,556.57,542.47,558.66,556.54,559.66,561.94,569.69,NA,NA,577.05,NA
5/31/85,558.68,NA,NA,NA,NA,NA,556.55,542.43,558.66,556.52,559.66,561.94,569.56,NA,NA,576.96,NA
6/13/85,558.64,NA,NA,NA,NA,NA,556.5,542.4,558.66,556.47,559.66,561.94,569.56,NA,NA,576.96,NA
6/27/85,558.62,NA,NA,NA,NA,NA,556.5,542.38,558.66,556.46,559.66,561.94,569.56,NA,NA,576.96,NA
7/11/85,558.54,NA,NA,NA,NA,NA,556.4,542.31,558.66,556.32,559.66,561.94,569.56,NA,NA,576.96,NA
7/25/85,558.42,NA,NA,NA,NA,558.96,556.29,541.96,558.66,556.16,559.66,561.94,569.56,NA,NA,NA,NA
8/6/85,558.36,NA,NA,NA,NA,NA,556.23,542.18,558.66,556.16,559.66,561.94,569.56,NA,NA,576.96,NA
8/22/85,558.33,NA,NA,NA,NA,NA,556.2,542.16,558.66,556.16,559.66,561.94,569.56,NA,NA,NA,NA
9/5/85,558.29,NA,NA,NA,560.43,NA,556.16,542.13,NA,NA,NA,NA,NA,NA,NA,NA,NA
9/18/85,558.26,NA,NA,NA,560.39,NA,556.13,542.08,NA,NA,NA,NA,NA,NA,NA,NA,NA
10/3/85,558.25,NA,NA,NA,560.37,NA,556.11,542.07,NA,NA,NA,NA,NA,NA,NA,NA,NA
4/10/86,558.5,559.02,557.16,559.27,560.64,559.11,556.41,542.56,NA,556.39,NA,NA,569.66,NA,NA,NA,NA
4/24/86,558.68,NA,NA,NA,NA,NA,556.55,542.67,559.04,556.47,560,561.97,569.74,NA,NA,577.19,NA
5/14/86,558.76,NA,NA,NA,NA,NA,556.62,542.69,559.04,556.51,560.03,561.94,569.7,NA,NA,577.28,NA
5/22/86,558.73,NA,NA,NA,NA,NA,556.59,542.67,558.66,556.48,559.99,561.94,569.56,NA,NA,577.09,NA
6/4/86,558.7,NA,NA,NA,NA,NA,556.57,542.62,558.66,556.45,559.93,561.94,569.56,NA,NA,576.96,NA
6/18/86,558.64,NA,NA,NA,NA,NA,556.51,542.56,558.66,556.38,559.8,561.94,569.56,NA,NA,576.96,NA
7/2/86,558.6,NA,NA,NA,NA,NA,556.46,542.52,558.66,556.32,559.66,561.94,NA,NA,NA,576.96,NA
7/16/86,558.6,NA,NA,NA,NA,NA,556.45,542.51,558.66,556.16,559.66,561.94,NA,NA,NA,576.96,NA
8/13/86,558.53,NA,NA,NA,NA,NA,556.4,542.45,558.66,556.16,559.66,561.94,NA,NA,NA,576.96,NA
8/27/86,558.48,NA,NA,NA,NA,NA,556.37,542.42,558.66,556.16,559.66,561.94,NA,NA,NA,576.96,NA
9/10/86,558.46,NA,NA,NA,NA,NA,556.35,542.4,558.66,556.16,559.66,561.94,NA,NA,NA,576.96,NA
9/24/86,558.59,NA,NA,NA,NA,NA,556.44,542.5,NA,556.37,559.66,NA,NA,NA,NA,NA,NA
5/8/87,559.02,559.32,557.85,559.72,561.07,559.92,556.7,NA,NA,NA,560.02,562.33,569.92,564.71,569.89,577.51,576.83
5/27/87,559.1,NA,NA,NA,NA,NA,556.74,NA,559.08,NA,560.09,NA,NA,NA,NA,577.54,NA
6/4/87,559.07,NA,NA,NA,NA,NA,556.7,543.16,559.04,NA,560.03,NA,NA,NA,NA,577.51,NA
6/10/87,559.03,559.32,557.89,559.71,561.07,559.91,556.68,543.19,559,556.52,559.97,562.26,569.85,564.65,569.84,577.43,576.76
6/17/87,559.01,NA,NA,NA,NA,NA,556.66,543.17,558.98,NA,559.93,NA,NA,NA,NA,577.38,NA
6/24/87,558.98,559.26,557.85,559.66,561.03,559.85,556.62,543.15,558.95,556.46,559.89,562.15,569.74,564.59,569.74,577.33,576.69
7/1/87,558.95,NA,NA,NA,NA,NA,556.61,543.12,558.9,NA,559.83,NA,NA,NA,NA,577.41,NA
7/8/87,558.95,559.25,557.81,559.64,561.01,559.83,556.61,543.13,558.91,556.45,559.85,562.05,569.56,564.55,569.67,577.26,576.66
7/15/87,558.94,NA,NA,NA,NA,NA,556.61,543.12,558.9,NA,559.84,NA,NA,NA,NA,577.23,NA
7/22/87,559,559.3,557.86,559.68,561.06,559.87,556.66,543.17,558.98,556.51,559.97,562.21,569.73,564.61,569.71,577.3,576.69
7/23/87,559,559.3,557.86,559.68,561.06,559.87,556.66,543.17,558.98,556.51,559.97,562.21,569.73,564.61,569.71,577.3,576.69
7/27/87,558.99,559.29,557.84,559.66,561.04,559.85,556.64,543.16,558.96,556.59,559.96,562.16,569.66,564.59,569.66,577.27,576.67
7/29/87,558.99,NA,NA,NA,NA,NA,556.64,543.16,558.96,NA,559.95,NA,NA,NA,NA,577.26,NA
8/5/87,558.95,559.26,557.8,559.63,561.01,559.81,556.61,543.15,558.91,556.56,559.89,561.94,569.56,564.53,569.56,577.19,576.63
8/20/87,558.92,559.24,557.76,559.6,560.96,559.76,556.58,543.1,558.87,556.54,559.82,561.94,569.56,564.26,569.56,576.96,576.57
8/26/87,558.92,559.24,557.75,559.59,560.96,559.76,556.58,543.09,558.86,556.54,559.81,561.94,569.56,564.26,569.56,576.96,576.56
9/16/87,558.85,559.17,557.66,559.52,560.89,559.67,556.52,543.03,558.66,556.47,559.66,561.94,569.56,564.26,569.56,576.96,576.45
10/14/87,558.81,559.14,557.6,559.48,560.85,559.62,556.48,NA,558.66,556.45,559.66,561.94,569.56,564.26,569.56,576.96,576.37
5/5/88,NA,559.27,557.72,559.61,560.98,559.69,556.6,NA,558.66,556.55,559.66,561.94,569.56,564.26,569.56,576.96,576.38
5/20/88,NA,559.24,557.7,559.57,560.96,559.66,556.57,NA,558.66,556.53,559.66,561.94,569.56,564.26,569.56,576.96,576.31
6/3/88,NA,559.21,557.68,559.54,560.95,559.63,556.56,NA,558.66,556.5,559.66,561.94,569.56,564.26,569.56,576.96,576.27
6/10/88,558.8,559.15,557.61,559.47,560.88,559.55,556.48,542.87,558.66,556.43,559.66,561.94,569.56,564.26,569.56,576.96,576.16
6/16/88,558.77,559.14,557.6,559.47,560.88,559.54,556.47,542.85,558.66,556.42,559.66,561.94,569.56,564.26,569.56,576.96,576.16
7/1/88,558.65,559.03,557.43,559.35,560.73,559.37,556.36,542.76,558.66,NA,559.66,561.94,569.56,564.26,569.56,576.96,576.16
7/8/88,558.6,558.97,NA,559.27,560.65,559.28,556.3,542.71,558.66,556.16,559.66,561.94,569.56,564.26,569.56,576.96,576.16
7/15/88,558.54,558.91,557.16,559.19,560.56,559.18,556.24,542.67,558.66,556.16,559.66,561.94,569.56,564.26,569.56,576.96,576.16
7/22/88,558.48,558.85,557.16,559.11,560.47,559.1,556.19,542.64,558.66,556.16,559.66,561.94,569.56,564.26,569.56,576.96,576.16
7/27/88,558.4,558.79,557.16,NA,560.4,558.96,556.14,542.61,558.66,556.16,559.66,561.94,569.56,564.26,569.56,576.96,576.16
8/5/88,558.4,558.78,557.16,NA,560.42,558.96,556.14,542.62,558.66,556.16,559.66,561.94,569.56,564.26,569.56,576.96,576.16
8/10/88,558.37,558.74,557.16,NA,560.26,558.96,556.1,542.6,558.66,556.16,559.66,561.94,569.56,564.26,569.56,576.96,576.16
8/20/88,558.34,558.7,557.16,NA,560.26,558.96,556.08,542.59,558.66,556.16,559.66,561.94,569.56,564.26,569.56,576.96,576.16
8/26/88,558.28,NA,557.16,NA,560.26,558.96,556.03,542.55,558.66,556.16,559.66,561.94,569.56,564.26,569.56,576.96,576.16
9/3/88,558.24,NA,557.16,NA,560.26,558.96,555.98,542.5,558.66,556.16,559.66,561.94,569.56,564.26,569.56,576.96,576.16
9/9/88,558.19,NA,557.16,NA,560.26,558.96,555.95,542.48,558.66,556.16,559.66,561.94,569.56,564.26,569.56,576.96,576.16
9/16/88,558.17,NA,557.16,NA,560.26,558.96,NA,542.46,558.66,556.16,559.66,561.94,569.56,564.26,569.56,576.96,576.16
9/24/88,558.18,NA,557.16,NA,560.26,558.96,NA,542.45,558.66,556.16,559.66,561.94,569.56,564.26,569.56,576.96,576.16
4/21/89,NA,558.85,557.22,558.87,560.47,559.18,556.16,NA,558.66,556.34,559.66,561.94,569.56,564.26,569.56,576.96,576.16
5/8/89,NA,558.88,557.25,558.77,560.53,559.19,556.17,542.52,558.66,556.33,559.66,561.94,569.56,564.26,569.56,576.96,576.16
5/19/89,558.36,558.87,557.25,558.9,560.51,559.22,556.16,542.48,558.66,556.32,559.66,561.94,569.56,564.26,569.56,576.96,576.16
6/2/89,NA,558.92,557.34,558.96,560.6,559.36,556.2,542.52,558.66,556.39,559.66,561.94,569.56,564.26,569.56,576.96,576.16
6/7/89,NA,558.92,557.32,558.95,560.59,559.34,556.18,542.49,558.66,556.36,559.66,561.94,569.56,564.26,569.56,576.96,576.16
6/14/89,558.44,558.93,557.36,558.97,560.62,559.38,556.18,542.51,558.66,556.39,559.66,561.94,569.56,564.26,569.56,576.96,576.16
6/21/89,558.43,558.9,557.31,558.93,560.6,559.35,556.18,542.48,558.66,556.34,559.66,561.94,569.56,564.26,569.56,576.96,576.16
6/28/89,558.4,558.86,557.24,558.89,560.56,559.29,556.15,542.47,558.66,556.27,559.66,561.94,569.56,564.26,569.56,576.96,576.16
7/5/89,558.34,558.79,557.16,558.8,560.49,559.19,556.1,542.38,558.66,556.16,559.66,561.94,569.56,564.26,569.56,576.96,576.16
7/12/89,558.28,558.72,557.16,558.56,560.41,559.1,556.04,542.35,558.66,556.16,559.66,561.94,569.56,564.26,569.56,576.96,576.16
7/19/89,558.3,558.71,557.16,558.56,560.42,559.08,556.04,542.35,558.66,556.16,559.66,561.94,569.56,564.26,569.56,576.96,576.16
7/26/89,558.24,558.36,557.16,558.56,560.34,558.96,555.98,542.3,558.66,556.16,559.66,561.94,569.56,564.26,569.56,576.96,576.16
8/2/89,558.21,558.36,557.16,558.56,NA,558.96,555.95,542.31,558.66,556.16,559.66,561.94,569.56,564.26,569.56,576.96,576.16
8/9/89,558.14,558.36,557.16,558.56,NA,558.96,555.9,542.27,558.66,556.16,559.66,561.94,569.56,564.26,569.56,576.96,576.16
8/16/89,558.06,558.36,557.16,558.56,NA,558.96,555.9,542.26,558.66,556.16,559.66,561.94,569.56,564.26,569.56,576.96,576.16
8/23/89,558.22,558.36,557.16,558.56,560.26,558.96,555.93,542.28,558.66,556.16,559.66,561.94,569.56,564.26,569.56,576.96,576.16
8/30/89,558.21,558.36,557.16,558.56,560.26,558.96,555.93,542.27,558.66,556.16,559.66,561.94,569.56,564.26,569.56,576.96,576.16
9/6/89,558.26,NA,NA,NA,NA,NA,NA,NA,NA,NA,NA,NA,NA,NA,NA,NA,NA
9/13/89,558.27,NA,NA,NA,NA,NA,NA,NA,NA,NA,NA,NA,NA,NA,NA,NA,NA
9/20/89,558.24,NA,NA,NA,NA,NA,NA,NA,NA,NA,NA,NA,NA,NA,NA,NA,NA
9/27/89,558.23,NA,NA,NA,NA,NA,NA,NA,NA,NA,NA,NA,NA,NA,NA,NA,NA
10/4/89,558.2,NA,NA,NA,NA,NA,NA,NA,NA,NA,NA,NA,NA,NA,NA,NA,NA
10/11/89,558.18,NA,NA,NA,NA,NA,NA,NA,NA,NA,NA,NA,NA,NA,NA,NA,NA
10/18/89,558.14,NA,NA,NA,NA,NA,NA,NA,NA,NA,NA,NA,NA,NA,NA,NA,NA
10/25/89,558.06,NA,NA,NA,NA,NA,NA,NA,NA,NA,NA,NA,NA,NA,NA,NA,NA
11/1/89,558.06,NA,NA,NA,NA,NA,NA,NA,NA,NA,NA,NA,NA,NA,NA,NA,NA
5/3/90,NA,558.6,557.16,558.76,560.37,559.17,555.87,542.07,NA,556.27,559.66,561.94,569.56,564.26,569.56,576.96,576.16
5/25/90,NA,558.55,557.16,558.72,560.36,NA,555.82,542.12,NA,556.16,559.66,561.94,569.56,564.26,569.56,576.96,576.16
6/5/90,NA,558.74,557.31,558.92,560.64,559.44,555.98,542.1,558.84,556.44,559.66,561.94,569.56,564.26,569.56,576.96,576.16
6/15/90,558.4,558.74,557.31,558.93,560.65,559.45,555.98,542.09,558.83,556.45,559.66,561.94,569.56,564.26,569.56,576.96,576.16
6/21/90,558.56,558.82,557.39,558.99,560.76,559.58,556.05,542.14,558.9,556.51,559.82,561.94,569.56,564.29,569.56,576.96,576.16
6/27/90,558.58,NA,NA,NA,NA,559.6,556.07,542.14,558.9,556.51,559.8,561.94,569.56,564.26,569.56,576.96,576.16
7/3/90,558.52,558.85,557.39,558.98,560.78,559.6,556.08,542.13,558.88,556.49,559.79,561.94,569.56,564.26,569.56,576.96,576.16
7/13/90,558.49,558.79,557.3,558.92,560.73,559.53,556.04,542.14,558.66,556.42,559.66,561.94,569.56,564.26,569.56,576.96,576.16
7/18/90,558.44,558.75,557.22,558.87,560.68,559.49,556,542.05,558.66,556.36,559.66,561.94,569.56,564.26,569.56,576.96,576.16
7/25/90,558.42,558.72,557.16,558.83,560.65,559.45,555.99,542.06,558.66,556.32,559.66,561.94,569.56,564.26,569.56,576.96,576.16
7/31/90,558.38,558.68,557.16,558.75,560.59,559.39,555.95,542.05,558.66,556.24,559.66,561.94,569.56,564.26,569.56,576.96,576.16
8/10/90,558.31,558.57,557.16,558.56,560.48,559.26,555.86,542.03,558.66,556.16,559.66,561.94,569.56,564.26,569.56,576.96,576.16
8/14/90,558.29,558.54,557.16,558.56,560.45,559.22,555.85,542.04,558.66,556.16,559.66,561.94,569.56,564.26,569.56,576.96,576.16
8/21/90,558.26,558.51,557.16,558.56,560.39,559.17,555.82,542.03,558.66,556.16,559.66,561.94,569.56,564.26,569.56,576.96,576.16
9/1/90,558.2,558.36,557.16,558.56,NA,558.96,555.72,541.96,558.66,556.16,559.66,561.94,569.56,564.26,569.56,576.96,576.16
5/30/91,NA,558.6,557.16,558.76,560.46,559.13,555.72,541.96,558.66,556.3,559.66,561.94,569.56,564.26,569.56,576.96,576.16
6/12/91,558.22,558.56,557.16,559.02,560.41,558.96,555.69,541.96,558.66,556.21,559.66,561.94,569.56,564.26,569.56,576.96,576.16
6/24/91,558.29,558.62,557.16,558.79,560.46,559.09,555.75,542.03,558.66,556.26,559.66,561.94,569.56,564.26,569.56,576.96,576.16
7/1/91,558.31,558.64,557.17,558.82,560.48,559.1,555.77,542.15,558.66,556.28,559.66,561.94,569.56,564.26,569.56,576.96,576.16
7/8/91,558.08,558.61,557.16,558.76,560.43,559.04,555.74,542.1,558.66,556.19,559.66,561.94,569.56,564.26,569.56,576.96,576.16
7/18/91,558.23,558.54,557.16,558.56,560.32,558.96,555.69,542.05,558.66,556.16,559.66,561.94,569.56,564.26,569.56,576.96,576.16
7/22/91,558.16,558.53,557.16,558.56,560.29,558.96,555.67,542.08,558.66,556.16,559.66,561.94,569.56,564.26,569.56,576.96,576.16
7/29/91,558.12,558.48,557.16,558.56,560.26,558.96,555.61,541.96,558.66,556.16,559.66,561.94,569.56,564.26,569.56,576.96,576.16
8/5/91,558.06,558.36,557.16,558.56,560.26,558.96,555.59,541.96,558.66,556.16,559.66,561.94,569.56,564.26,569.56,576.96,576.16
8/12/91,558.06,558.36,557.16,558.56,560.26,558.96,555.59,541.96,558.66,556.16,559.66,561.94,569.56,564.26,569.56,576.96,576.16
8/19/91,558.06,558.36,557.16,558.56,560.26,558.96,555.59,541.96,558.66,556.16,559.66,561.94,569.56,564.26,569.56,576.96,576.16
3/26/92,558.06,558.5,557.37,558.73,560.59,559.17,555.72,NA,558.8,556.44,559.75,562.12,569.86,564.35,569.56,577.3,576.35
4/20/92,558.06,558.49,557.28,558.56,560.55,559.11,555.68,542.19,558.66,556.4,559.66,561.94,569.67,564.26,569.56,577.13,576.26
6/5/92,558.06,558.56,557.24,558.75,560.54,559.11,555.68,541.96,558.66,556.38,559.66,561.94,569.56,564.26,569.56,577.02,576.17
6/16/92,558.2,558.54,557.2,558.74,560.51,559.08,555.66,NA,NA,556.35,559.66,561.94,569.56,564.26,569.56,576.96,NA
6/23/92,558.21,558.55,557.2,558.75,560.51,559.08,555.67,NA,NA,556.35,NA,NA,NA,NA,NA,NA,NA
7/2/92,558.24,558.6,557.26,NA,560.53,559.11,555.69,542.05,NA,556.37,NA,NA,NA,NA,NA,NA,576.16
7/9/92,558.22,558.58,557.19,558.76,560.5,559.07,555.67,541.96,NA,556.34,NA,NA,NA,NA,NA,NA,576.16
7/16/92,558.18,558.53,557.16,558.56,560.44,558.99,555.65,541.96,NA,556.28,NA,NA,NA,NA,NA,NA,576.16
7/23/92,558.15,558.5,557.16,558.56,560.39,558.96,555.63,541.96,NA,556.22,NA,NA,NA,NA,NA,NA,576.16
7/30/92,558.06,558.45,557.16,558.56,560.33,558.96,555.59,541.96,NA,556.16,NA,NA,NA,NA,NA,NA,576.16
8/6/92,558.06,558.36,557.16,558.56,560.26,558.96,555.59,541.96,NA,556.16,NA,NA,NA,NA,NA,NA,576.16
8/18/92,558.06,558.36,557.16,558.56,NA,558.96,555.59,541.96,558.66,556.16,559.66,NA,569.56,564.26,569.56,576.96,576.16
4/14/93,558.37,558.8,557.42,558.87,560.65,559.25,556.08,542.29,558.84,556.51,559.66,562.15,569.94,564.26,569.67,577.43,576.61
5/21/93,558.38,558.86,557.42,558.9,560.68,559.32,556.1,542.31,558.8,556.51,559.66,561.94,569.71,564.26,569.63,577.23,576.48
5/28/93,558.43,558.91,557.47,558.95,560.73,559.36,556.14,542.34,558.88,556.54,559.66,561.94,569.77,564.34,569.69,577.27,576.5
6/3/93,558.44,558.91,557.48,558.95,560.74,559.37,556.15,542.33,558.87,556.53,559.66,561.94,569.74,564.34,569.69,577.25,576.48
6/17/93,558.54,558.99,557.57,558.99,560.83,559.45,556.24,542.35,558.89,556.55,559.81,561.95,569.81,564.43,569.77,577.29,576.52
6/29/93,558.54,559,557.58,558.98,560.84,559.46,556.25,542.37,558.89,556.56,559.8,562.1,569.77,564.38,569.76,577.27,576.51
7/13/93,558.69,559.1,557.71,559.01,560.95,559.58,556.41,542.48,558.92,556.57,559.96,562.09,569.88,564.51,569.86,577.36,576.59
7/27/93,559.27,559.44,558.02,559.35,561.32,560.07,556.77,542.54,559.21,556.77,560.09,562.41,570.17,564.74,570.19,577.77,576.96
8/11/93,559.25,559.39,557.98,559.3,561.29,560.04,556.7,542.52,559.18,556.7,560.05,562.37,570.09,564.7,570.14,577.7,576.9
8/24/93,559.26,559.38,557.98,559.3,561.3,560.05,556.68,542.53,559.19,556.68,560.04,562.35,570.07,564.69,570.13,577.68,576.9
9/7/93,559.31,559.41,557.99,559.33,561.34,560.08,556.69,542.58,559.24,556.69,560.05,562.35,570.08,564.7,570.16,577.71,576.93
9/21/93,NA,559.37,557.97,559.29,561.3,560.05,556.66,542.56,559.21,556.66,560.01,562.31,570.03,564.66,570.11,577.66,576.88
4/22/94,559.51,559.58,557.99,559.5,561.46,560.35,556.69,542.77,559.45,556.71,560.07,562.36,569.96,564.72,570.15,577.51,576.95
5/12/94,559.55,559.65,558,559.52,561.47,560.38,556.68,542.82,559.48,556.7,560.07,562.36,569.94,564.69,570.16,577.52,576.96
5/27/94,559.53,559.63,557.99,559.5,561.46,560.37,556.66,542.8,559.47,556.69,560.07,562.37,569.89,564.69,570.13,577.48,576.93
5/30/94,559.53,559.62,557.98,559.49,561.44,560.37,556.64,542.78,559.45,556.67,560.05,562.34,569.86,564.68,570.12,577.47,576.91
6/7/94,559.52,559.6,557.98,559.49,NA,560.36,556.65,542.77,559.45,556.67,560.05,562.33,569.83,564.68,570.1,577.44,576.89
6/14/94,559.53,559.62,557.99,559.46,561.44,560.36,556.66,542.79,559.45,556.68,560.07,562.35,569.83,564.69,570.1,577.43,576.89
6/22/94,559.49,559.58,557.96,559.46,561.41,560.33,556.63,542.76,559.42,556.65,560.02,562.28,569.72,564.65,570.05,577.38,576.84
6/28/94,559.47,559.56,557.94,559.45,561.39,560.32,556.62,542.73,559.4,556.64,560,562.23,569.67,564.63,570.03,577.36,576.82
7/5/94,559.47,559.57,557.93,559.45,561.39,560.32,556.62,542.74,559.4,556.64,560.01,562.23,569.56,564.64,570.02,577.34,576.81
7/15/94,559.53,559.63,557.99,559.51,561.45,560.38,556.66,542.76,559.46,556.69,560.06,562.34,569.74,564.69,570.07,577.4,576.87
7/22/94,559.55,559.64,557.99,559.52,561.46,560.4,556.66,542.77,559.48,556.68,560.07,562.35,569.74,564.69,570.08,577.41,576.87
8/4/94,559.49,559.57,557.92,559.45,561.4,560.35,556.6,542.71,559.41,556.63,559.98,562.17,569.56,564.61,569.98,577.3,576.79
8/19/94,559.42,559.5,557.84,559.38,561.33,560.28,556.54,542.64,559.34,556.56,559.85,561.94,569.56,564.5,569.88,577.15,576.71
8/25/94,559.4,559.49,557.81,559.37,561.31,560.27,556.53,542.64,559.32,556.54,559.81,561.94,569.56,564.47,569.84,577.09,576.68
9/2/94,559.38,559.47,557.79,559.34,561.29,560.26,556.51,542.62,559.31,556.53,559.66,561.94,569.56,564.44,569.8,577.05,576.66
9/8/94,NA,559.46,557.77,559.34,561.28,560.24,556.5,542.61,559.3,556.51,559.66,561.94,569.56,564.41,569.77,577.01,576.64
9/13/94,559.39,559.48,557.79,559.35,561.3,560.26,556.52,542.62,559.31,556.54,559.81,561.94,569.56,564.46,569.79,576.96,576.65
9/21/94,559.41,559.5,557.81,559.37,561.31,560.28,556.54,542.67,559.33,556.56,559.87,561.94,569.56,564.49,569.81,576.96,576.66
9/29/94,559.38,559.47,557.79,559.35,561.29,560.26,556.52,542.65,559.31,556.54,559.83,561.94,569.56,564.45,569.76,576.96,576.62
10/13/94,559.46,559.52,557.88,559.42,561.36,560.33,556.6,542.69,559.38,556.62,560,562.05,569.56,564.57,569.84,577.12,576.69
10/21/94,559.52,559.59,557.96,559.47,561.42,560.4,556.65,542.76,559.44,556.67,560.06,562.21,569.56,564.65,569.91,577.24,576.76
10/31/94,559.51,559.58,557.98,559.47,561.41,560.39,556.64,542.75,559.43,556.67,560.05,562.16,569.56,564.65,569.89,577.22,576.75
4/21/95,NA,NA,558.02,560.22,561.9,NA,556.76,NA,559.85,556.74,560.09,562.4,570.19,564.72,570.2,577.76,NA
4/28/95,559.95,560.25,558.02,560.25,561.89,560.99,556.76,544.17,559.87,556.75,560.09,562.39,570.19,564.72,570.2,577.77,577.52
5/4/95,559.96,560.26,557.96,560.26,561.9,561,556.76,544.14,559.88,556.74,560.08,562.39,570.17,564.72,570.2,577.76,577.52
5/11/95,560.07,560.36,557.99,560.36,562,561.11,556.8,544.27,560,556.79,560.09,562.4,570.22,564.74,570.21,577.87,577.6
5/19/95,560.08,560.37,557.96,560.37,562.01,561.13,556.76,NA,560,556.75,560.09,562.4,570.19,564.73,570.19,577.86,577.59
5/25/95,560.09,560.38,557.97,560.38,562.02,561.14,556.77,544.31,560.02,556.76,560.1,562.41,570.18,564.74,570.2,577.86,577.59
6/1/95,560.1,560.38,557.95,560.38,562.02,561.15,556.74,544.31,560.02,556.73,560.09,562.38,570.16,564.73,570.18,577.84,577.58
6/8/95,560.09,560.38,557.96,560.37,562.02,561.16,556.74,544.3,560.01,556.73,560.1,562.39,570.14,564.73,570.17,577.83,577.57
6/15/95,560.06,560.35,557.93,560.35,562,561.14,556.71,544.28,559.99,556.71,560.06,562.33,570.1,564.7,570.13,577.79,577.54
6/26/95,560.07,560.34,557.93,560.34,562,561.16,556.72,544.26,559.99,556.71,560.07,562.33,570.07,564.7,570.11,577.76,577.53
6/29/95,560.06,560.33,557.92,560.33,561.99,561.15,556.71,544.24,559.98,556.7,560.06,562.31,570.05,564.69,570.1,577.75,577.52
7/7/95,560.11,560.38,557.95,560.38,562.05,561.21,556.74,544.31,560.03,556.73,560.1,562.36,570.1,564.71,570.14,577.79,577.56
7/13/95,560.14,560.41,557.95,560.41,562.08,561.25,556.73,544.33,560.06,556.72,560.14,562.37,570.11,564.71,570.17,577.81,577.58
7/21/95,560.2,560.47,557.95,560.48,562.14,561.32,556.74,544.44,560.11,556.73,560.2,562.38,570.15,564.72,570.18,577.86,577.63
7/27/95,560.18,560.45,557.94,560.47,562.12,561.32,556.72,544.43,560.09,556.71,560.18,562.34,570.12,564.71,570.16,577.83,577.61
8/3/95,560.14,560.43,557.91,560.43,562.09,561.29,556.69,544.39,560.06,556.68,560.14,562.27,570.06,564.69,570.1,577.78,577.56
8/10/95,560.11,560.4,557.87,560.4,562.05,561.27,556.67,544.35,560.03,556.65,560.1,562.17,570,564.67,570.06,577.73,577.52
8/17/95,560.07,560.36,557.82,560.36,562.02,561.24,556.63,544.33,559.99,556.62,560.06,562.01,569.94,564.64,570,577.67,577.48
8/23/95,560.04,560.33,557.78,560.33,561.98,561.22,556.6,544.29,559.97,556.59,560,561.94,569.86,564.6,569.94,577.62,577.44
8/31/95,560.06,560.35,557.8,560.34,562.01,561.25,556.64,544.31,559.98,556.62,560.05,562,569.87,564.65,569.96,577.62,577.45
9/11/95,560.03,560.32,557.76,560.32,561.98,561.24,556.63,544.28,559.95,556.61,560.02,561.94,569.78,564.63,569.9,577.57,577.41
9/19/95,560,560.29,557.73,560.29,561.95,561.21,556.6,544.26,559.91,556.6,559.98,561.94,569.66,564.6,569.84,577.52,577.38
9/27/95,559.99,560.28,557.71,560.28,561.94,561.2,556.6,544.24,559.91,556.59,559.95,561.94,569.56,564.58,569.81,577.49,577.35
10/11/95,559.98,560.28,557.72,560.28,561.94,561.22,556.63,544.23,559.91,556.61,559.97,561.94,569.56,564.6,569.79,577.46,577.35
10/25/95,559.97,560.27,557.71,560.27,561.93,561.22,556.63,544.22,559.77,556.62,559.96,561.94,569.56,564.6,569.75,577.42,577.33
4/18/96,560.29,NA,558,NA,NA,NA,556.8,NA,NA,556.8,560.29,562.38,570.18,564.73,570.18,577.9,577.37
4/24/96,560.31,NA,557.99,560.62,NA,NA,556.77,NA,NA,556.77,560.29,562.32,570.14,564.7,570.16,577.87,577.35
5/2/96,560.31,NA,557.97,560.7,NA,NA,556.75,NA,560.31,556.75,560.29,562.27,570.09,564.68,570.14,577.81,577.32
5/16/96,560.3,560.68,557.95,560.71,562.47,561.94,556.73,544.8,560.3,556.73,560.28,562.18,570,564.68,570.09,577.77,577.29
5/23/96,560.29,560.68,557.93,560.68,562.45,561.92,556.73,544.79,560.29,556.73,560.28,562.15,569.96,564.67,570.07,577.75,577.27
5/30/96,560.26,560.64,557.92,560.65,562.43,561.89,556.71,544.76,560.26,556.71,560.25,562.05,569.9,564.66,570.03,577.7,577.23
6/7/96,560.33,560.71,557.95,560.72,562.48,561.96,556.75,544.75,560.33,556.75,560.31,562.33,570,564.71,570.11,577.78,577.31
6/13/96,560.31,560.68,557.92,560.68,562.46,561.93,556.72,544.73,560.31,556.71,560.28,562.24,569.93,564.69,570.06,577.73,577.27
6/20/96,560.27,560.66,557.89,560.65,562.43,561.88,556.69,544.69,560.27,556.69,560.25,562.14,569.86,564.68,570.03,577.69,577.23
6/28/96,560.27,560.66,557.9,560.66,562.43,561.88,556.71,544.7,560.27,556.7,560.26,562.12,569.84,564.69,570.03,577.68,577.24
7/3/96,560.25,560.63,557.87,560.63,562.41,561.86,556.67,544.69,560.25,556.67,560.24,561.94,569.76,564.66,569.99,577.64,577.2
7/11/96,560.32,560.74,557.92,560.75,562.49,561.98,556.72,544.65,560.32,556.73,560.32,562.3,569.93,564.69,570.11,577.78,577.33
7/18/96,560.37,560.77,557.94,560.78,562.52,562.02,556.74,544.72,560.37,556.74,560.33,562.32,569.94,564.71,570.12,577.79,577.36
7/25/96,560.34,560.77,557.92,560.75,562.51,562,556.72,544.71,560.34,556.72,560.32,562.29,569.92,564.7,570.11,577.78,577.35
8/1/96,560.35,560.78,557.93,560.75,562.52,562.02,556.72,544.72,560.35,556.72,560.33,562.29,569.91,564.7,570.12,577.79,577.36
8/8/96,560.34,560.78,557.92,560.78,562.52,562.03,556.71,544.77,560.34,556.72,560.33,562.27,569.88,564.7,570.11,577.78,577.36
8/15/96,560.32,560.74,557.88,560.74,562.48,561.97,556.68,544.73,560.32,556.68,560.3,562.15,569.78,564.67,570.06,577.73,577.32
8/22/96,560.33,560.76,557.89,560.75,562.51,562,556.7,544.72,560.33,556.7,560.32,562.22,569.8,564.69,570.08,577.75,577.35
8/29/96,560.3,560.73,557.84,560.72,562.48,561.95,556.66,544.69,560.3,556.66,560.28,NA,569.56,564.65,570.02,577.7,577.32
9/5/96,560.27,560.71,557.81,560.7,562.46,561.93,556.64,544.68,560.27,556.64,560.27,NA,569.56,564.63,569.98,577.66,577.29
9/10/96,560.26,560.69,557.8,560.7,562.43,561.88,556.63,544.64,560.26,556.63,560.24,NA,569.56,564.61,569.95,577.63,577.27
9/18/96,560.23,560.66,557.76,560.65,562.41,561.85,556.6,544.61,560.23,556.6,560.21,NA,569.56,564.57,569.88,577.57,577.22
9/24/96,560.26,560.7,557.81,560.69,562.44,561.9,556.64,544.64,560.26,556.64,560.25,NA,569.56,564.64,569.94,577.62,577.27
10/9/96,560.26,560.69,557.81,560.69,562.43,561.89,556.66,544.63,560.26,556.65,560.25,NA,569.56,564.64,569.92,577.6,577.26
10/28/96,560.28,560.7,557.84,560.7,562.44,561.9,556.7,544.64,560.28,556.69,560.26,562.1,569.56,564.67,569.93,577.6,577.27
4/24/97,560.7,NA,558.02,NA,NA,NA,556.81,NA,NA,556.81,560.7,562.4,570.21,564.72,570.2,NA,NA
5/1/97,560.72,561.21,558.01,561.21,562.91,562.35,556.79,545.26,560.72,556.79,560.72,562.39,570.18,564.7,570.2,577.94,577.54
5/9/97,560.73,561.24,558.01,561.24,562.91,562.35,556.78,545.25,560.73,556.78,560.73,562.39,570.14,564.69,570.18,577.91,577.5
5/22/97,560.67,561.2,557.99,561.2,562.86,562.31,556.75,545.19,560.67,556.75,560.67,562.36,570.06,564.69,570.13,577.85,577.44
5/30/97,560.64,561.18,557.98,561.18,562.83,562.28,556.74,545.16,560.64,556.73,560.64,562.34,570.01,564.68,570.1,577.8,577.4
6/6/97,560.62,561.17,557.97,561.17,562.84,562.28,556.73,545.16,560.62,556.73,560.62,562.33,569.98,564.67,570.09,577.78,577.39
6/13/97,560.6,561.13,557.92,561.13,562.82,562.25,556.7,545.12,560.6,556.7,560.6,562.22,569.9,564.64,570.03,577.71,577.34
6/20/97,560.57,561.09,557.89,561.09,562.8,562.22,556.68,545.07,560.57,556.68,560.57,562.13,569.84,564.61,569.99,577.68,577.3
6/27/97,560.57,561.1,557.89,561.1,562.81,562.23,556.69,545.07,560.57,556.69,560.57,562.15,569.81,564.63,569.98,577.68,577.3
7/2/97,560.58,561.12,557.92,561.12,562.82,562.25,556.72,545.09,560.58,556.72,560.59,562.23,569.84,564.67,570.01,577.7,577.32
7/10/97,560.59,561.12,557.92,561.12,562.91,562.26,556.73,545.11,560.59,556.72,560.59,562.22,569.8,564.65,569.99,577.69,577.32
7/16/97,560.58,561.12,557.9,561.12,562.91,562.25,556.71,545.1,560.58,556.71,560.59,562.17,569.74,564.64,569.97,577.67,577.3
7/24/97,560.56,561.09,557.85,561.09,562.88,562.21,556.69,545.07,560.56,556.68,560.56,562.01,569.56,564.6,569.91,577.62,577.26
7/31/97,560.55,561.07,557.86,561.07,562.86,562.22,556.69,545.07,560.55,556.68,560.55,561.94,569.56,564.59,569.87,577.58,577.24
8/8/97,560.51,561.03,557.79,561.03,562.82,562.19,556.64,545.04,560.51,556.64,560.51,561.94,569.56,564.53,569.77,577.51,577.18
8/14/97,560.47,560.99,557.74,560.99,562.79,562.17,556.61,545,560.47,556.6,560.47,561.94,569.56,564.47,569.69,577.46,577.14
8/22/97,560.44,560.97,557.7,560.97,562.76,562.13,556.59,544.98,560.44,556.57,560.45,561.94,569.56,564.42,569.56,577.4,577.11
8/29/97,560.41,560.94,557.63,560.94,562.73,562.1,556.55,544.94,560.41,556.51,560.41,561.94,569.56,564.33,569.56,577.34,577.06
9/4/97,560.52,561.06,557.83,561.06,562.83,562.2,556.69,545.1,560.52,556.69,560.52,562.16,569.56,564.61,569.79,577.49,577.18
9/11/97,560.51,561.04,557.8,561.04,562.81,562.19,556.67,545.07,560.51,556.67,560.51,561.94,569.56,564.57,569.71,577.44,577.16
9/18/97,560.49,561.02,557.8,561.02,562.8,562.19,556.67,545.07,560.49,556.67,560.49,561.94,569.56,564.55,569.56,577.42,577.13
9/25/97,560.47,561.01,557.77,561.01,562.77,562.15,556.65,545.05,560.47,556.65,560.47,561.94,569.56,564.51,569.56,577.37,577.1
10/7/97,560.41,560.97,557.73,560.97,562.73,562.11,556.62,545,560.41,556.62,560.41,561.94,569.56,564.42,569.56,577.3,577.05
10/21/97,560.44,560.97,557.77,560.97,NA,562.13,556.66,545.01,560.44,556.66,560.44,561.94,569.56,564.47,569.56,577.3,577.06
4/9/98,560.64,561.18,558.02,561.18,NA,NA,556.78,545.32,560.64,556.78,560.64,562.36,569.85,564.67,569.8,577.78,577.5
4/22/98,560.62,561.18,558.01,561.18,562.97,562.69,556.75,545.31,560.62,556.76,560.62,562.36,569.81,564.66,569.81,577.75,577.47
4/29/98,560.62,561.17,558,561.17,562.83,562.54,556.74,545.3,560.62,556.75,560.62,562.36,569.81,564.66,569.83,577.75,577.46
5/3/98,560.63,561.18,558.01,561.18,562.96,562.68,556.75,545.3,560.63,556.74,560.63,562.37,569.81,564.67,569.85,577.75,577.46
5/6/98,560.62,561.16,558,561.16,562.96,562.68,556.74,545.28,560.62,556.74,560.62,562.35,569.79,564.66,569.82,577.74,577.45
5/21/98,560.59,561.15,557.99,561.15,562.93,562.66,556.72,545.35,560.59,556.72,560.59,562.3,569.73,564.65,569.81,577.7,577.41
5/28/98,560.57,561.12,557.97,561.12,562.9,562.63,556.71,545.25,560.57,556.71,560.57,562.24,569.67,564.62,569.76,577.65,577.37
6/3/98,560.54,561.09,557.93,561.09,562.87,562.61,556.71,545.21,560.54,556.69,560.54,562.18,569.64,564.61,569.73,577.63,577.36
6/6/98,560.51,561.06,557.9,561.06,562.84,562.58,556.66,545.18,560.51,556.67,560.51,561.94,569.56,564.57,569.62,577.55,577.3
6/10/98,560.52,561.07,557.92,561.07,562.85,562.56,556.67,545.19,560.52,556.67,560.52,562.08,569.56,564.59,569.67,577.58,577.32
6/25/98,560.52,561.07,557.91,561.07,562.85,562.59,556.68,545.18,560.52,556.68,560.52,561.94,569.56,564.59,569.64,577.55,577.3
7/1/98,560.5,561.06,557.89,561.06,562.84,562.6,556.67,545.17,560.5,556.67,560.5,561.94,569.56,564.58,569.56,577.52,577.28
7/9/98,560.54,561.09,557.92,561.09,562.87,562.6,556.7,545.21,560.54,556.7,560.54,NA,569.56,564.62,569.68,577.56,577.32
7/15/98,560.51,561.07,557.87,561.07,562.84,562.59,556.67,545.17,560.51,556.67,560.51,561.94,569.56,564.57,569.56,577.5,577.28
7/21/98,560.47,561.02,557.81,561.02,562.8,562.55,556.63,545.14,560.47,556.63,560.47,561.94,569.56,564.52,569.56,577.43,577.23
7/29/98,560.42,560.97,557.74,560.97,562.75,562.51,556.58,545.09,560.42,556.57,560.42,561.94,569.56,564.44,569.56,577.31,577.14
8/6/98,560.41,560.96,557.72,560.96,562.74,562.5,556.57,545.07,560.41,556.55,560.41,561.94,569.56,564.41,569.56,577.25,577.15
8/12/98,560.37,560.93,557.65,560.93,562.72,562.48,556.54,545.04,560.37,556.49,560.37,561.94,569.56,564.31,569.56,577.11,577.09
8/20/98,560.36,560.91,557.63,560.91,562.69,562.45,556.53,545.03,560.36,556.48,560.36,561.94,569.56,564.31,569.56,577.04,577.08
8/26/98,560.37,560.93,557.65,560.93,562.72,562.47,556.56,545.05,560.37,556.53,560.37,561.94,569.56,564.37,569.56,577.11,577.09
8/31/98,560.35,560.91,557.54,560.91,562.69,562.45,556.53,545.03,560.35,556.49,560.35,561.94,569.56,564.26,569.56,576.96,577.06
9/8/98,560.3,560.85,557.52,560.85,562.64,562.4,556.49,545,560.3,556.42,560.3,561.94,569.56,564.26,569.56,576.96,577
9/15/98,560.28,560.85,557.5,560.85,562.67,562.36,556.48,544.97,560.28,556.4,560.28,561.94,569.56,564.26,569.56,576.96,576.97
9/24/98,560.24,560.8,557.43,560.8,562.56,562.37,556.44,544.92,560.24,556.35,560.24,561.94,569.56,564.26,569.56,576.96,576.97
10/7/98,560.27,560.83,557.5,560.83,562.6,562.37,556.49,544.94,560.27,556.46,560.27,561.94,569.56,564.33,569.56,576.96,576.93
10/19/98,560.29,560.86,557.57,560.86,562.62,562.39,556.53,544.95,560.29,NA,NA,561.94,569.56,564.36,569.56,577.02,576.97
10/28/98,560.29,560.84,557.55,560.84,562.62,562.38,556.52,544.95,560.29,556.53,560.29,561.94,569.56,564.28,569.56,576.96,576.96
4/21/99,560.57,NA,557.95,NA,NA,NA,556.74,NA,560.57,556.73,560.57,562.39,570.17,564.63,570.17,577.74,577.27
4/28/99,560.59,NA,557.95,NA,NA,562.8,556.73,545.4,560.59,556.72,560.59,562.38,570.14,564.63,570.15,577.72,577.25
5/3/99,560.59,NA,557.94,NA,NA,562.78,556.71,545.37,560.59,556.71,560.59,562.37,570.1,564.62,570.13,577.68,577.22
5/8/99,560.85,NA,558.04,NA,563.3,563.05,556.79,545.59,560.85,556.78,560.84,562.42,570.22,564.66,570.22,577.94,577.46
5/13/99,560.8,NA,558.05,NA,563.25,563,556.81,545.56,560.8,556.8,560.8,562.41,570.22,564.66,570.22,577.92,577.42
5/28/99,560.83,NA,558.03,NA,563.28,563.04,556.76,545.56,560.83,556.75,560.83,562.4,570.14,564.67,570.17,577.88,577.42
6/7/99,560.82,NA,558.03,NA,563.26,563.04,556.75,545.54,560.82,556.75,560.82,562.38,570.12,564.67,570.16,577.86,577.4
6/17/99,560.81,561.42,558,561.42,563.25,563.03,556.74,545.51,560.81,556.74,560.81,562.35,570.09,564.66,570.14,577.83,577.38
6/24/99,560.8,561.4,557.99,561.4,563.25,563.04,556.74,545.5,560.8,556.73,560.8,562.33,570.06,564.65,570.12,577.83,577.37
7/1/99,560.78,561.39,557.98,561.39,563.23,563.02,556.73,545.48,560.78,556.72,560.78,562.29,570.02,564.65,570.09,577.77,577.34
7/8/99,560.82,561.42,558,561.42,563.27,563.07,556.75,545.51,560.82,556.75,560.82,562.34,570.05,564.65,570.11,577.8,577.37
7/15/99,560.79,561.39,557.96,561.39,563.23,563.04,556.73,545.49,560.79,556.72,560.79,562.24,569.99,564.62,570.06,577.75,NA
7/20/99,560.78,561.38,557.96,561.38,563.23,563.04,556.73,545.48,560.78,556.72,560.78,562.22,569.97,564.63,570.05,577.74,577.32
7/28/99,560.76,561.36,557.91,561.36,563.21,563.03,556.71,545.46,560.76,556.7,560.76,562.06,569.9,564.6,570,577.68,NA
8/3/99,560.73,561.33,557.87,561.33,563.18,563.01,556.68,545.42,560.73,556.67,560.73,NA,569.83,564.56,569.95,577.63,577.3
8/12/99,560.73,561.35,557.87,561.35,563.18,563.03,556.71,545.42,560.73,556.71,560.73,NA,569.83,564.6,569.95,577.63,577.26
8/17/99,560.75,561.35,557.9,561.35,563.2,563.03,556.71,545.43,560.75,556.71,560.75,562.14,569.84,564.61,569.97,577.65,577.27
8/26/99,560.73,561.33,557.85,561.33,563.18,563.01,556.7,545.4,560.73,556.68,560.73,561.94,569.72,564.57,569.89,577.59,577.22
9/2/99,560.74,561.33,557.85,561.33,563.18,563.03,556.71,545.4,560.74,556.71,560.73,561.94,569.7,564.59,569.89,577.58,577.23
9/8/99,560.75,561.35,557.88,561.35,563.2,563.05,556.73,545.41,560.75,556.72,560.75,NA,569.75,564.62,569.92,577.6,577.28
9/16/99,560.73,561.31,557.86,561.31,563.18,563.03,556.71,545.4,560.73,556.71,560.73,561.94,569.56,564.59,569.86,577.56,577.23
9/20/99,560.72,561.31,557.85,561.31,563.16,563.02,556.71,545.38,560.72,556.69,560.72,561.94,569.56,564.54,569.84,577.54,577.21
10/6/99,560.68,561.27,557.8,561.27,563.12,562.98,556.68,545.35,560.68,556.68,560.68,561.94,569.56,564.52,569.74,577.46,577.16
10/27/99,560.65,561.23,557.76,561.23,563.08,562.95,556.68,545.31,560.65,556.67,560.65,561.94,569.56,564.48,569.56,577.4,577.11
11/17/99,560.62,561.2,557.73,561.2,563.05,562.93,556.67,545.28,560.62,556.67,560.62,561.94,569.56,564.45,569.56,577.32,577.06
4/4/00,560.67,561.26,557.8,561.26,563.11,562.99,556.77,545.35,560.67,556.76,560.67,561.94,569.56,564.59,569.69,577.45,577.11
4/11/00,560.64,561.27,557.81,561.27,563.11,563.01,556.77,545.33,560.64,556.76,560.64,561.94,569.56,564.59,NA,577.44,577.11
4/20/00,560.67,561.26,557.84,561.26,563.11,563.01,556.75,545.34,560.67,556.75,560.67,562.02,569.56,564.63,569.63,577.46,577.12
4/25/00,560.66,561.25,557.85,561.25,563.09,563.01,556.74,545.33,560.66,556.74,560.66,562.02,569.56,564.62,569.6,577.44,577.11
5/2/00,560.66,561.25,557.86,561.25,563.09,563.01,556.74,545.32,560.66,556.74,560.66,562.05,569.56,564.63,569.63,577.44,577.11
5/12/00,560.64,561.23,557.87,561.23,563.08,562.99,556.74,545.3,560.64,556.74,560.64,562.06,569.56,564.63,569.64,577.42,577.09
5/18/00,560.62,561.22,557.87,561.22,563.06,562.98,556.73,545.29,560.62,556.73,560.62,562.02,569.56,564.63,569.62,577.4,577.07
5/26/00,560.6,561.19,557.83,561.19,563.02,562.95,556.71,545.25,560.6,556.7,560.6,561.94,569.56,564.6,569.56,577.34,577.03
6/2/00,560.6,561.19,557.85,561.19,563.03,562.96,556.72,545.26,560.6,556.72,560.6,561.94,569.56,564.61,569.56,577.34,577.03
6/7/00,560.59,561.19,557.83,561.19,563.02,562.94,556.71,545.25,560.59,556.7,560.59,561.94,569.56,564.58,569.56,577.31,577.02
6/15/00,560.57,561.19,557.83,561.19,563,562.93,556.72,545.23,560.57,556.71,560.57,561.98,569.56,564.59,569.56,577.29,577
6/21/00,560.57,561.19,557.82,561.19,563.01,562.93,556.71,545.23,560.57,556.71,560.57,561.94,569.56,564.58,569.56,577.27,576.98
6/27/00,560.58,561.17,557.81,561.17,563.01,562.95,556.71,545.24,560.58,556.71,560.58,561.94,569.56,564.57,569.56,577.25,576.99
7/5/00,560.63,561.22,557.87,561.22,563.05,562.99,556.77,545.34,560.63,556.77,560.63,562.16,569.56,564.62,569.67,577.31,577.03
7/12/00,560.62,561.21,557.85,561.21,563.05,562.99,556.74,545.34,560.62,556.73,560.62,561.98,569.56,564.6,569.56,577.28,577.01
7/20/00,560.58,561.17,557.81,561.17,563.01,562.95,556.71,545.3,560.58,556.71,560.58,561.94,569.56,564.56,569.56,577.2,576.96
7/26/00,560.57,561.16,557.78,561.16,563.01,562.95,556.7,545.29,560.57,556.7,560.57,561.94,569.56,564.53,569.56,577.14,576.95
8/1/00,560.55,561.15,557.74,561.15,562.98,562.93,556.67,545.26,560.55,556.67,560.55,561.94,569.56,564.48,569.56,577.04,576.91
8/9/00,560.54,561.14,557.72,561.14,562.97,562.92,556.67,545.25,560.54,556.67,560.54,561.94,569.56,564.48,569.56,576.96,576.9
8/17/00,560.55,561.15,557.74,561.15,562.97,562.92,556.69,545.28,560.55,556.69,560.55,561.94,569.56,564.5,569.56,577,576.89
8/24/00,560.53,561.14,557.71,561.14,562.96,562.91,556.68,545.27,560.53,556.68,560.53,561.94,569.56,564.46,569.56,576.96,576.87
8/31/00,560.5,561.11,557.67,561.11,562.92,562.88,556.66,545.24,560.5,556.65,560.5,561.94,569.56,564.4,569.56,576.96,576.82
9/7/00,560.5,561.1,557.65,561.1,562.92,562.87,556.66,545.23,560.5,556.66,560.5,561.94,569.56,564.37,569.56,576.96,576.81
9/13/00,560.47,561.08,557.6,561.08,562.89,562.85,556.63,545.2,560.47,556.63,560.47,561.94,569.56,564.26,569.56,576.96,576.77
9/19/00,560.45,561.05,557.56,561.05,562.87,562.83,556.62,545.18,560.45,556.6,560.45,561.94,569.56,564.26,569.56,576.96,576.73
9/27/00,560.45,561.06,557.59,561.06,562.87,562.83,556.63,545.19,560.45,556.64,560.45,561.94,569.56,564.26,569.56,576.96,576.74
10/12/00,560.41,561.02,557.53,561.02,562.83,562.79,556.61,545.15,560.41,556.61,560.41,561.94,569.56,564.26,569.56,576.96,576.67
4/11/01,560.61,561.2,558.01,561.2,NA,NA,NA,545.36,560.61,556.84,560.61,562.39,570.17,564.61,569.93,577.7,577.26
4/18/01,560.61,561.22,558,561.22,563.19,563.12,NA,NA,560.61,556.84,560.61,562.39,570.17,564.61,569.93,577.7,577.26
4/26/01,560.67,561.36,558.01,561.36,563.15,563.12,556.76,NA,560.67,556.77,560.67,562.37,570.09,564.59,569.98,577.67,577.22
5/3/01,560.65,561.34,557.99,561.34,563.12,563.14,556.74,545.49,560.65,556.74,560.65,562.34,570.04,564.6,569.96,577.62,577.18
5/9/01,560.65,561.34,558.01,561.34,563.12,563.14,556.74,545.49,560.65,556.76,560.65,562.36,570.04,564.59,569.97,577.63,577.19
5/17/01,560.64,561.31,558,561.31,563.1,563.12,556.73,545.46,560.64,556.74,560.64,562.32,569.98,564.59,569.94,577.58,577.16
5/25/01,560.61,561.3,558,561.3,563.08,563.1,556.73,545.46,560.61,556.74,560.61,562.3,569.94,564.6,569.92,577.55,577.17
5/31/01,560.6,561.3,557.98,561.3,563.07,563.08,556.7,545.48,560.6,556.71,560.6,562.26,569.91,564.6,569.9,577.51,577.15
6/7/01,560.62,561.3,558.01,561.3,563.08,563.1,556.75,545.52,560.62,556.76,560.62,562.3,569.93,564.63,569.92,577.52,577.16
6/12/01,560.63,561.32,558.02,561.32,563.09,563.12,556.75,545.54,560.63,556.76,560.63,562.32,569.93,564.63,569.93,577.53,577.17
6/20/01,560.65,561.34,558.02,561.34,563.12,563.14,556.75,545.58,560.65,556.76,560.65,562.34,569.95,564.63,569.96,577.56,577.2
6/25/01,560.64,561.34,558.01,561.34,563.11,563.14,556.74,545.57,560.64,556.75,560.64,562.3,569.91,564.62,569.94,577.54,577.18
7/2/01,560.61,561.31,557.96,561.31,563.08,563.11,556.71,545.54,560.61,556.71,560.61,562.16,569.82,564.58,569.87,577.47,577.13
7/11/01,560.57,561.25,557.89,561.25,563.03,563.07,556.67,545.49,560.57,556.67,560.57,561.94,569.56,564.52,569.77,577.37,577.08
7/18/01,560.57,561.27,557.89,561.27,563.05,563.08,556.67,545.52,560.57,556.69,560.57,561.99,569.56,564.53,569.76,577.34,577.08
7/25/01,560.6,561.29,557.92,561.29,563.07,563.1,556.71,545.54,560.6,556.71,560.6,562.03,569.56,564.58,569.78,577.37,577.1
8/2/01,560.63,561.31,557.95,561.31,563.09,563.13,556.73,545.58,560.63,556.74,560.63,562.06,569.56,564.6,569.81,577.4,577.12
8/8/01,560.6,561.29,557.9,561.29,563.07,563.11,556.71,545.55,560.6,556.71,560.6,561.94,569.56,564.55,569.75,577.32,577.09
8/15/01,560.57,561.26,557.85,561.26,563.03,563.07,556.67,545.51,560.57,556.68,560.57,561.94,569.56,564.5,569.63,577.19,577.04
8/23/01,560.53,561.23,557.81,561.23,563,563.04,556.64,545.49,560.53,556.64,560.53,561.94,569.56,564.44,569.56,576.96,576.99
8/31/01,560.5,561.2,557.75,561.2,562.96,563,556.61,545.48,560.5,556.6,560.5,561.94,569.56,564.36,569.56,576.96,576.94
9/12/01,560.45,561.14,557.68,561.14,562.91,562.95,556.58,545.39,560.45,556.56,560.45,561.94,569.56,564.26,569.56,576.96,576.87
9/19/01,560.45,561.14,557.67,561.14,562.9,562.94,556.58,545.39,560.45,556.57,560.45,561.94,569.56,564.26,569.56,576.96,576.86
9/26/01,560.43,561.12,557.64,561.12,562.93,562.93,556.57,545.38,560.43,556.55,560.43,561.94,569.56,564.26,569.56,576.96,576.83
10/23/01,560.39,561.09,557.6,561.09,562.85,562.88,556.56,545.33,560.39,556.57,560.39,561.94,569.56,564.26,569.56,576.96,576.76
4/7/02,560.42,561.11,557.66,561.11,562.84,562.89,556.76,NA,560.42,556.78,560.42,562.16,569.56,564.41,569.56,577.08,576.71
4/23/02,560.45,561.18,557.69,561.18,562.86,562.89,556.76,545.42,560.45,556.78,560.45,562.06,569.56,564.45,569.56,577.11,576.75
5/1/02,560.45,561.18,557.69,561.18,562.86,562.89,556.75,545.4,560.45,556.76,560.45,561.94,569.56,564.46,569.56,576.96,576.75
5/9/02,560.45,561.17,557.72,561.17,562.86,562.89,556.74,545.43,560.45,556.77,560.45,561.94,569.56,564.47,569.56,577.12,576.75
5/15/02,560.45,561.17,557.73,561.17,562.84,562.88,556.73,545.42,560.45,556.75,560.45,561.94,569.56,564.46,569.56,576.96,576.75
5/22/02,560.42,561.14,557.71,561.14,562.81,562.86,556.71,545.38,560.42,556.73,560.42,561.94,569.56,564.44,569.56,576.96,576.74
5/31/02,560.38,561.1,557.73,561.1,562.78,562.82,556.68,545.36,560.38,556.71,560.38,561.94,569.56,564.4,569.56,576.96,576.68
6/6/02,560.37,561.08,557.67,561.08,562.75,562.8,556.66,545.32,560.37,556.68,560.37,561.94,569.56,564.35,569.56,576.96,576.65
6/12/02,560.34,561.06,557.66,561.06,562.74,562.78,556.65,545.29,560.34,556.67,560.34,561.94,569.56,564.32,569.56,576.96,576.62
6/19/02,560.31,561.04,557.62,561.04,562.72,562.76,556.63,545.28,560.31,556.64,560.31,561.94,569.56,564.26,569.56,576.96,576.58
6/27/02,560.29,561.02,557.59,561.02,562.69,562.73,556.6,545.27,560.29,556.61,560.29,561.94,569.56,564.26,569.56,576.96,576.52
7/1/02,560.24,560.99,557.53,560.99,562.65,562.69,556.55,545.23,560.24,556.54,560.24,561.94,569.56,564.26,569.56,576.96,576.5
7/11/02,560.27,561.01,557.57,561.01,562.68,562.72,556.58,545.24,560.27,556.54,560.27,561.94,569.56,564.26,569.56,576.96,576.42
7/18/02,560.27,560.97,557.49,560.97,562.64,562.68,556.54,545.2,560.27,556.54,560.27,561.94,569.56,564.26,569.56,576.96,576.37
7/25/02,560.24,560.94,557.44,560.94,562.62,562.66,556.51,545.18,560.24,556.5,560.24,561.94,569.56,564.26,569.56,576.96,576.16
7/31/02,560.23,560.93,557.39,560.93,562.6,562.64,556.5,545.16,560.23,556.45,560.23,561.94,569.56,564.26,569.56,576.96,576.16
8/8/02,560.19,560.89,557.29,560.89,562.56,562.59,556.45,545.12,560.19,556.38,560.19,561.94,569.56,564.26,569.56,576.96,576.16
8/14/02,560.19,560.88,557.29,560.88,562.56,562.6,556.45,545.11,560.19,556.4,560.19,561.94,569.56,564.26,569.56,576.96,576.16
8/21/02,560.16,560.86,557.21,560.86,562.53,562.57,556.43,545.09,560.16,556.35,560.16,561.94,569.56,564.26,569.56,576.96,576.16
8/28/02,560.15,560.85,557.16,560.85,562.53,562.56,556.42,545.09,560.15,556.32,560.15,561.94,569.56,564.26,569.56,576.96,576.16
9/5/02,560.12,560.83,557.16,560.83,562.51,562.54,556.39,545.06,560.12,556.31,560.12,561.94,569.56,564.26,569.56,576.96,576.16
9/11/02,560.12,560.81,557.16,560.81,562.5,562.53,556.39,545.05,560.12,556.16,560.11,561.94,569.56,564.26,569.56,576.96,576.16
9/19/02,560.08,560.77,557.16,560.77,562.44,562.49,556.35,545.02,560.08,556.16,560.07,561.94,569.56,564.26,569.56,576.96,576.16
9/25/02,560.05,560.75,557.16,560.75,562.41,562.46,556.33,544.98,560.05,556.16,560.04,561.94,569.56,564.26,569.56,576.96,576.16
10/24/02,560.02,560.81,557.16,560.81,562.38,562.41,556.34,544.95,560.02,556.16,560,561.94,569.56,564.26,569.56,576.96,576.16
4/15/03,559.96,560.75,557.16,560.75,562.41,562.4,556.5,544.99,559.96,556.54,560,561.94,569.56,564.26,569.56,576.96,576.16
4/23/03,559.97,560.76,557.3,560.76,562.43,562.41,556.53,545,559.97,556.57,560.02,561.94,569.56,564.26,569.56,576.96,576.16
5/1/03,559.96,560.75,557.29,560.75,562.41,562.4,556.52,544.99,559.96,556.56,559.99,561.94,569.56,564.26,569.56,576.96,576.16
5/7/03,560.04,560.81,557.46,560.81,562.48,562.46,556.61,545.04,560.04,556.61,560.03,561.94,569.56,564.41,569.56,576.96,576.31
5/15/03,560.12,560.89,557.62,560.89,562.55,562.53,556.71,545.12,560.12,556.7,560.12,562.09,569.56,564.53,569.66,577.16,576.45
5/19/03,560.15,560.91,557.68,560.91,562.58,562.56,556.74,545.15,560.15,556.73,560.15,562.16,569.61,564.58,569.71,577.23,576.49
5/28/03,560.13,560.89,557.69,560.89,562.56,562.53,556.71,545.14,560.13,556.7,560.12,562.11,569.56,564.57,569.67,577.18,576.46
6/5/03,560.11,560.87,557.68,560.87,562.54,562.52,556.7,545.1,560.11,556.69,560.11,562.06,569.56,564.56,569.63,577.1,576.42
6/11/03,560.13,560.89,557.72,560.89,562.55,562.53,556.72,545.13,560.13,556.71,560.12,562.14,569.56,564.59,569.66,577.16,576.44
6/17/03,560.12,560.88,557.7,560.88,562.54,562.53,556.7,545.11,560.12,556.69,560.12,562.09,569.56,564.57,569.63,577.07,576.41
6/25/03,560.1,560.86,557.69,560.86,562.52,562.54,556.69,545.09,560.1,556.68,560.1,562.05,569.56,564.55,569.6,576.96,576.38
7/1/03,560.09,560.84,557.67,560.84,562.51,562.5,556.68,545.09,560.09,556.67,560.08,561.96,569.56,564.52,569.56,576.96,576.35
7/7/03,560.06,560.82,557.62,560.82,562.48,562.48,556.65,545.06,560.06,556.64,560.06,561.94,569.56,564.48,569.56,576.96,576.3
7/14/03,560.06,560.82,557.62,560.82,562.48,562.48,556.65,545.06,560.06,556.64,560.06,561.94,569.56,564.46,569.56,576.96,576.27
7/29/03,560.01,560.77,557.52,560.77,562.44,562.43,556.61,545.01,560.01,556.59,560.01,561.94,569.56,564.33,569.56,576.96,576.16
8/4/03,559.98,560.74,557.45,560.74,562.41,562.4,556.57,544.98,559.98,556.55,559.97,561.94,569.56,564.26,569.56,576.96,576.16
8/11/03,559.95,560.73,557.39,560.73,562.39,562.38,556.56,544.95,559.95,556.51,559.94,561.94,569.56,564.26,569.56,576.96,576.16
8/18/03,559.9,560.68,557.28,560.68,562.35,562.33,556.5,544.91,559.9,556.42,559.85,561.94,569.56,564.26,569.56,576.96,576.16
8/26/03,559.85,560.63,557.16,560.63,562.3,562.28,556.45,544.86,559.85,556.32,559.66,561.94,569.56,564.26,569.56,576.96,576.16
9/2/03,559.81,560.6,557.16,560.6,562.26,562.25,556.42,544.82,559.81,556.16,559.66,561.94,569.56,564.26,569.56,576.96,576.16
9/8/03,559.78,560.56,557.16,560.56,562.23,562.23,556.39,544.8,559.78,556.16,559.66,561.94,569.56,564.26,569.56,576.96,576.16
9/17/03,559.77,560.55,557.16,560.55,562.2,562.18,556.37,544.78,559.77,556.16,559.66,561.94,569.56,564.26,569.56,576.96,576.16
10/10/03,559.71,560.5,557.16,560.5,562.16,562.12,556.33,544.72,559.71,556.16,559.66,561.94,569.56,564.26,569.56,576.96,576.16
10/23/03,559.68,560.45,557.16,560.45,562.12,562.09,556.31,544.7,559.68,556.16,559.66,561.94,569.56,564.26,569.56,576.96,576.16
11/14/03,559.69,560.45,557.16,560.45,562.14,562.1,556.35,544.69,559.69,556.16,559.66,561.94,569.56,564.26,569.56,576.96,576.16
4/8/04,559.82,NA,557.43,NA,562.29,562.26,556.61,544.89,559.82,556.63,559.86,561.94,569.56,564.57,569.56,576.96,576.22
4/15/04,559.81,NA,557.42,NA,562.27,562.24,556.61,544.88,559.81,556.62,559.84,561.94,569.56,564.53,569.56,576.96,576.16
4/21/04,559.81,NA,557.43,NA,562.27,562.25,556.62,544.87,559.81,556.63,559.84,561.94,569.56,564.52,569.56,576.96,576.16
4/28/04,559.78,560.59,557.41,560.59,562.24,562.21,556.6,544.85,559.78,556.61,559.79,561.94,569.56,564.47,569.56,576.96,576.16
5/4/04,559.77,560.57,557.4,560.57,562.22,562.19,556.59,544.83,559.77,556.61,559.78,561.94,569.56,564.45,569.56,576.96,576.16
5/12/04,559.76,560.55,557.43,560.55,562.22,562.19,556.6,544.82,559.76,556.63,559.77,561.94,569.56,564.45,569.56,576.96,576.16
5/22/04,559.74,560.55,557.43,560.55,562.19,562.17,556.6,544.81,559.74,556.62,559.76,561.94,569.56,564.41,569.56,576.96,576.16
6/1/04,559.85,560.63,557.65,560.63,562.29,562.26,556.71,544.91,559.85,556.72,559.86,562.26,569.7,564.57,569.71,577.22,576.37
6/9/04,559.83,560.61,557.6,560.61,562.27,562.25,556.7,544.89,559.83,556.7,559.82,561.94,569.57,564.57,569.69,577.18,576.33
6/16/04,559.89,560.66,557.69,560.66,562.34,562.3,556.73,544.9,559.89,556.74,559.85,562.37,569.78,564.64,569.8,577.31,576.44
6/23/04,559.86,560.65,557.69,560.65,562.31,562.27,556.71,544.87,559.86,556.72,559.83,562.34,569.7,564.63,569.77,577.27,576.4
6/30/04,559.84,560.63,557.67,560.63,562.29,562.26,556.69,544.85,559.84,556.7,559.8,562.31,569.58,564.61,569.74,577.22,576.35
7/8/04,559.89,560.67,557.76,560.67,562.33,562.3,556.73,544.91,559.89,556.74,559.85,562.39,569.78,564.65,569.85,577.32,576.44
7/14/04,559.94,560.71,557.8,560.71,562.37,562.34,556.74,544.94,559.94,556.75,559.86,562.38,569.82,564.65,569.89,577.36,576.49
7/22/04,559.9,560.68,557.78,560.68,562.34,562.31,556.71,544.91,559.9,556.71,559.82,562.33,569.71,564.61,569.85,577.29,576.44
7/28/04,559.87,560.65,557.75,560.65,562.31,562.28,556.68,544.88,559.87,556.69,559.77,562.27,569.56,564.59,569.81,577.22,576.4
8/4/04,559.84,560.62,557.71,560.62,562.27,562.24,556.65,544.85,559.84,556.66,559.71,562.2,569.56,564.55,569.75,577.12,576.35
8/11/04,559.82,560.6,557.69,560.6,562.26,562.22,556.64,544.82,559.82,556.65,559.67,562.16,569.56,564.54,569.72,576.96,576.31
8/18/04,559.81,560.58,557.66,560.58,562.24,562.2,556.63,544.8,559.81,556.63,NA,562.08,569.56,564.51,569.67,576.96,576.26
8/24/04,559.8,560.58,557.66,560.58,562.24,562.19,556.63,544.82,559.8,556.64,559.66,562.09,569.56,564.52,569.65,576.96,576.22
8/31/04,559.84,560.62,557.7,560.62,562.28,562.24,556.67,544.85,559.84,556.68,559.76,562.24,569.56,564.58,569.74,576.96,576.33
9/8/04,559.86,560.65,557.73,560.65,562.3,562.27,556.7,544.87,559.86,556.71,559.81,562.29,569.56,564.61,569.79,577.05,576.37
9/16/04,559.85,560.64,557.73,560.64,562.3,562.26,556.7,544.86,559.85,556.71,559.81,562.25,569.56,564.6,569.78,576.96,576.36
9/21/04,559.85,560.64,557.73,560.64,562.29,562.26,556.7,544.86,559.85,556.71,559.8,562.22,569.56,564.59,569.77,576.96,576.34
10/6/04,559.86,560.64,557.78,560.64,562.3,562.27,556.71,544.86,559.86,556.72,559.84,562.27,569.56,564.62,569.81,576.96,576.38
10/13/04,559.84,560.63,557.78,560.63,562.28,562.22,556.7,544.84,559.84,556.71,559.83,562.23,569.56,564.61,569.79,576.96,576.35
10/21/04,559.84,560.63,557.8,560.63,562.29,562.25,556.71,544.85,559.84,556.72,559.85,562.25,569.56,564.64,569.8,576.96,576.37
10/26/04,559.86,560.63,557.81,560.63,562.3,562.26,556.72,544.85,559.86,556.73,559.86,562.28,569.56,564.64,569.81,577.05,576.39
11/3/04,559.86,560.63,557.83,560.63,562.3,562.26,556.72,544.85,559.86,556.73,559.85,562.28,569.56,564.64,569.83,577.06,576.39
4/7/05,559.85,560.64,557.89,560.64,562.21,562.26,556.82,544.8,559.85,556.82,559.83,562.35,569.63,564.64,569.77,576.96,576.44
4/12/05,559.87,560.63,557.89,560.63,562.3,562.26,556.82,544.83,559.87,556.82,559.81,562.39,569.8,564.67,569.86,577.22,576.47
4/21/05,559.85,560.61,557.9,560.61,NA,562.21,556.78,544.8,559.85,556.79,559.79,562.3,569.74,564.64,569.82,577.18,576.44
4/27/05,559.81,560.58,557.89,560.58,562.24,NA,556.76,544.8,559.81,556.76,559.77,562.23,569.64,564.62,569.79,576.96,576.43
5/4/05,559.79,560.56,557.89,560.56,562.23,562.19,556.75,544.75,559.79,556.76,559.77,562.16,569.56,564.62,569.75,576.96,576.4
5/13/05,559.83,560.58,557.95,560.58,562.25,562.2,556.76,544.77,559.83,556.77,559.8,562.28,569.62,564.64,569.83,577.27,576.45
5/19/05,559.82,560.57,557.97,560.57,562.25,562.21,556.74,544.78,559.82,556.75,559.77,562.29,569.6,564.62,569.84,577.28,576.45
5/26/05,559.83,560.57,557.98,560.57,562.24,562.2,556.73,544.76,559.83,556.73,559.77,562.28,569.62,564.62,569.84,577.29,576.44
5/31/05,559.82,560.57,557.99,560.57,562.23,562.19,556.73,544.76,559.82,556.74,559.75,562.39,569.56,564.62,569.83,577.28,576.44
6/8/05,559.87,560.6,558.03,560.6,562.29,562.24,556.77,544.8,559.87,556.78,559.79,562.38,569.78,564.64,569.91,577.36,576.5
6/16/05,559.92,560.65,558.03,560.65,562.32,562.29,556.77,544.83,559.92,556.77,559.78,562.39,569.85,564.63,569.97,577.43,576.56
6/23/05,559.9,560.64,558,560.64,562.3,562.27,556.74,544.83,559.9,556.74,559.77,562.34,569.78,564.63,569.93,577.38,576.52
7/1/05,559.9,560.63,558.02,560.63,562.3,562.26,556.73,544.81,559.9,556.74,559.77,562.37,569.76,564.63,569.93,577.4,576.52
7/6/05,559.9,560.63,558.01,560.63,562.3,562.27,556.73,544.81,559.9,556.73,559.76,562.36,569.73,564.63,569.93,577.36,576.52
7/13/05,559.88,560.62,557.98,560.62,562.28,562.26,556.7,544.81,559.88,556.72,559.74,562.29,569.56,564.6,569.88,577.29,576.49
7/21/05,559.83,560.56,557.93,560.56,NA,562.22,556.67,544.75,559.83,556.67,559.66,562.15,569.56,564.57,569.56,577.19,576.43
8/4/05,559.8,560.54,557.86,560.54,562.21,562.19,556.64,544.71,559.8,556.64,559.66,561.94,569.56,564.53,569.69,576.96,576.36
8/11/05,559.78,560.52,557.83,560.52,562.19,562.16,556.61,544.69,559.78,556.62,559.66,561.94,569.56,564.5,569.6,576.96,576.32
8/18/05,559.76,560.49,557.8,560.49,562.17,562.14,556.6,544.68,559.76,556.6,559.66,561.94,569.56,564.47,569.56,576.96,576.27
8/25/05,559.75,560.48,557.76,560.48,562.14,562.15,556.6,544.65,559.75,556.6,559.66,561.94,569.56,564.43,569.56,576.96,576.16
9/1/05,559.7,560.45,557.72,560.45,562.12,562.08,556.55,544.62,559.7,556.54,559.66,561.94,569.56,564.37,569.56,576.96,576.16
9/8/05,559.77,560.51,557.8,560.51,562.18,562.18,556.63,544.63,559.77,556.64,559.66,561.94,569.56,564.5,569.56,576.96,576.31
9/14/05,559.77,560.51,557.8,560.51,562.19,562.18,556.64,544.64,559.77,556.64,559.66,561.94,569.56,564.51,569.56,576.96,576.3
9/22/05,559.75,560.48,557.76,560.48,562.16,562.16,556.62,544.62,559.75,556.62,559.66,561.94,569.56,564.46,569.56,576.96,576.16
9/29/05,559.71,560.46,557.74,560.46,562.13,562.13,556.6,544.6,559.71,556.6,559.66,561.94,569.56,564.42,569.56,576.96,576.16
10/28/05,559.7,560.43,557.73,560.43,562.11,562.11,556.61,544.57,559.7,556.61,559.66,561.94,569.56,564.4,569.56,576.96,576.16
4/11/06,559.75,560.49,557.83,560.49,562.2,562.19,556.75,544.56,559.75,556.76,559.67,562.19,NA,564.6,569.67,577.16,576.45
4/26/06,559.73,560.47,557.83,560.47,562.17,562.17,556.75,544.56,559.73,556.75,559.74,561.94,569.56,564.6,569.58,NA,576.42
5/4/06,559.76,560.48,557.89,560.48,562.19,562.2,556.76,544.58,559.76,556.76,559.73,562.05,569.6,564.61,569.69,577.17,576.45
5/11/06,559.76,560.47,557.89,560.47,562.17,562.19,556.74,544.57,559.76,556.74,559.72,562.01,569.56,564.61,569.67,577.13,576.43
5/17/06,559.74,560.46,557.88,560.46,562.16,562.17,556.72,544.56,559.74,556.73,559.71,561.94,569.56,564.6,569.63,577.08,576.39
5/26/06,559.71,560.44,557.87,560.44,562.14,562.15,556.71,544.56,559.71,556.71,559.7,561.94,569.56,564.58,569.6,577.04,576.35
5/31/06,559.71,560.44,557.88,560.44,562.13,562.15,556.71,544.54,559.71,556.71,559.7,561.94,569.56,564.58,569.61,577.04,576.34
6/6/06,559.73,560.45,557.89,560.45,562.14,562.16,556.72,544.56,559.73,556.71,559.71,561.94,569.56,564.59,569.63,577.1,576.34
6/15/06,559.73,560.45,557.92,560.45,562.15,562.16,556.73,544.55,559.73,556.73,559.72,561.94,569.56,564.61,569.65,577.13,576.35
6/21/06,559.7,560.43,557.9,560.43,562.13,562.15,556.7,544.54,559.7,556.7,559.67,561.94,569.56,564.57,569.56,576.96,576.29
6/28/06,559.66,560.39,557.84,560.39,562.09,562.11,556.66,544.48,559.66,556.67,559.66,561.94,569.56,564.5,569.56,576.96,576.16
7/5/06,559.63,560.35,557.78,560.35,562.05,562.08,556.6,544.25,559.63,556.62,559.66,561.94,569.56,564.43,569.56,576.96,576.16
7/12/06,559.57,560.31,557.71,560.31,562.01,562.03,556.57,544.38,559.57,556.54,559.66,561.94,569.56,564.32,569.56,576.96,576.16
7/19/06,559.53,560.26,557.63,560.26,561.96,561.99,556.53,544.37,559.53,556.47,559.66,561.94,569.56,564.26,569.56,576.96,576.16
7/25/06,559.52,560.25,557.59,560.25,561.95,561.98,556.52,544.37,559.52,556.44,559.66,561.94,569.56,564.26,569.56,576.96,576.16
8/3/06,559.48,560.21,557.52,560.21,561.91,561.93,556.47,544.32,559.48,556.37,559.66,561.94,569.56,564.26,569.56,576.96,576.16
8/9/06,559.44,560.17,557.43,560.17,561.87,561.89,556.43,544.28,559.44,556.29,559.66,561.94,569.56,564.26,569.56,576.96,576.16
8/16/06,559.42,560.16,557.39,560.16,561.85,561.87,556.42,544.28,559.42,556.26,559.66,561.94,569.56,564.26,569.56,576.96,576.16
8/23/06,559.41,560.16,557.36,560.16,561.84,561.87,556.41,544.26,559.41,556.24,559.66,561.94,569.56,564.26,569.56,576.96,576.16
9/6/06,559.42,560.16,557.37,560.16,561.85,561.88,556.42,544.27,559.42,556.33,559.66,561.94,569.56,564.26,569.56,576.96,576.16
9/12/06,559.4,560.14,557.33,560.14,561.82,561.84,556.41,544.26,559.4,556.16,559.66,561.94,569.56,564.26,569.56,576.96,576.16
9/29/06,559.39,560.14,557.35,560.14,561.81,561.84,556.42,544.23,559.39,556.16,559.66,561.94,569.56,564.26,569.56,576.96,576.16
10/27/06,559.4,560.13,557.41,560.13,561.81,561.83,556.44,544.25,559.4,556.42,559.66,561.94,569.56,564.26,569.56,576.96,576.16
4/18/07,559.7,560.34,557.86,560.34,561.99,562.02,556.77,544.39,559.7,556.78,560.08,562.26,569.96,564.59,569.9,577.43,576.56
4/30/07,559.69,560.33,557.88,560.33,561.9,562.01,556.73,544.4,559.69,556.74,560.02,562.08,569.88,564.58,569.85,577.37,576.5
5/11/07,559.7,560.33,557.93,560.33,561.97,562.01,556.74,544.41,559.7,556.75,560.05,562.1,569.86,564.59,569.86,577.37,576.49
5/18/07,559.67,560.3,557.92,560.3,561.88,561.99,556.72,544.39,559.67,556.73,560.03,561.98,569.81,564.57,569.83,577.34,576.45
5/25/07,559.72,560.32,557.99,560.32,561.98,562.03,556.76,544.4,559.72,556.77,560.06,562.11,569.84,564.59,569.86,577.36,576.47
6/2/07,559.79,560.41,558.02,560.41,561.98,562.09,556.78,544.48,559.79,556.8,560.09,562.33,569.96,564.63,569.96,577.47,576.58
6/8/07,559.8,560.41,558.01,560.41,562.05,562.1,556.76,544.48,559.8,556.78,560.09,562.34,569.94,564.62,570,577.48,576.58
6/14/07,559.8,560.42,558.02,560.42,561.99,562.1,556.76,544.42,559.8,556.76,560.07,562.34,569.93,564.62,569.96,577.47,576.59
6/21/07,559.85,560.44,558,560.44,562.09,562.13,556.76,544.51,559.85,556.76,560.07,562.36,569.96,564.61,569.98,577.52,576.64
6/28/07,559.8,560.4,557.97,560.4,561.98,562.1,NA,544.49,559.8,556.73,560.01,562.28,569.88,564.58,569.96,577.45,576.59
7/3/07,559.79,560.38,557.95,560.38,562.04,562.09,556.7,544.47,559.79,556.71,559.97,562.24,569.83,564.57,569.93,577.41,576.56
7/11/07,559.75,560.36,557.9,560.36,561.94,562.05,556.67,544.43,559.75,556.67,559.66,562.14,569.73,564.53,569.87,577.33,576.51
7/19/07,559.72,560.32,557.85,560.32,561.98,562.02,556.64,544.41,559.72,556.65,559.66,561.95,569.56,564.47,NA,577.24,576.46
8/2/07,559.71,560.31,557.82,560.31,561.88,562.01,556.63,544.42,559.71,556.64,559.66,561.94,569.56,564.45,569.74,577.16,576.42
8/8/07,559.69,560.3,557.78,560.3,561.93,561.99,556.6,544.41,559.69,556.61,559.66,561.94,569.56,564.4,569.69,577.09,576.39
8/15/07,559.68,560.26,557.77,560.26,561.87,561.99,556.61,544.39,559.68,556.61,559.66,561.94,569.56,564.37,569.62,576.96,576.36
9/6/07,559.63,560.23,557.7,560.23,561.89,561.94,556.57,544.36,559.63,556.57,559.66,561.94,569.56,564.26,569.56,576.96,576.16
9/13/07,559.61,560.22,557.64,560.22,561.8,561.91,556.56,544.32,559.61,556.54,559.66,561.94,569.56,564.26,569.56,576.96,576.16
9/27/07,559.59,560.19,557.61,560.19,561.84,561.91,556.55,544.31,559.59,556.55,559.66,561.94,569.56,564.26,569.56,576.96,576.16
4/29/08,559.51,560.12,557.58,560.12,561.8,561.89,556.63,544.27,559.51,556.64,559.91,561.94,569.56,564.36,569.56,576.96,576.16
5/7/08,559.47,560.09,557.57,560.09,561.77,561.86,556.68,544.22,559.47,556.63,559.87,561.94,569.56,564.33,569.56,576.96,576.16
5/13/08,559.45,560.08,557.58,560.08,561.75,561.84,556.61,544.21,559.45,556.63,559.87,561.94,569.56,564.32,569.56,576.96,576.16
5/20/08,559.42,560.06,557.57,560.06,561.72,561.82,556.59,544.18,559.42,556.63,559.86,561.94,569.56,564.29,569.56,576.96,576.16
5/29/08,559.38,560,557.57,560,561.68,561.78,556.57,544.14,559.38,556.61,559.82,561.94,569.56,564.26,569.56,576.96,576.16
6/5/08,559.38,560,557.57,560,561.67,561.78,556.57,544.14,559.38,556.63,559.81,561.94,569.56,564.26,569.56,576.96,576.16
6/12/08,559.47,560.07,557.72,560.07,561.77,561.86,556.67,544.23,559.47,556.68,560.08,562.08,569.68,564.48,569.66,577.15,576.28
6/19/08,559.47,560.07,557.72,560.07,561.77,561.86,556.67,544.22,559.47,556.67,560.06,561.94,569.56,564.46,569.62,577.07,576.23
6/27/08,559.43,560.05,557.72,560.05,561.73,561.84,556.64,544.2,559.43,556.64,560.05,561.94,569.56,564.41,569.96,576.96,576.16
7/1/08,559.41,560.02,557.69,560.02,561.7,561.82,556.62,544.18,559.41,556.62,559.98,561.94,569.56,564.37,569.56,576.96,576.16
7/9/08,559.39,559.99,557.69,559.99,561.69,561.8,556.6,544.16,559.39,556.6,559.95,561.94,569.56,564.26,569.56,576.96,576.16
7/17/08,559.35,559.97,557.63,559.97,561.65,561.8,556.58,544.12,559.35,556.55,559.86,561.94,569.56,564.26,569.56,576.96,576.16
7/24/08,559.33,559.94,557.63,559.94,561.63,561.76,556.55,544.1,559.33,556.52,559.66,561.94,569.56,564.26,569.56,576.96,576.16
7/30/08,559.3,559.91,557.57,559.91,561.59,561.73,556.52,544.09,559.3,556.45,559.66,561.94,569.56,564.26,569.56,576.96,576.16
8/5/08,559.27,559.88,557.48,559.88,561.57,561.7,556.49,544.04,559.27,556.37,559.66,561.94,569.56,564.26,569.56,576.96,576.16
8/13/08,559.25,559.88,557.49,559.88,561.56,561.7,556.48,544.07,559.25,556.38,559.66,561.94,569.56,564.26,569.56,576.96,576.16
8/21/08,559.2,559.81,557.36,559.81,561.51,561.65,556.42,544.02,559.2,556.16,559.66,561.94,569.56,564.26,569.56,576.96,576.16
9/5/08,559.17,559.76,557.31,559.76,561.47,561.59,556.39,544,559.17,556.16,559.66,561.94,569.56,564.26,569.56,576.96,576.16
4/23/09,NA,NA,557.99,NA,562.18,562.16,NA,544.97,NA,556.8,560.12,562.35,570.22,564.66,570.2,NA,NA
5/5/09,NA,560.63,NA,560.63,562.35,562.44,556.77,NA,NA,556.77,560.11,562.39,570.19,564.64,570.18,578.05,NA
5/8/09,560.08,560.66,558,560.66,562.43,562.44,556.76,545,560.08,556.77,560.11,562.39,570.17,564.65,570.17,578.05,577.33
5/14/09,560.12,560.69,558,560.69,562.33,562.44,556.75,545,560.12,556.75,560.11,562.4,570.15,564.65,570.17,578.03,577.32
5/20/09,560.08,560.67,558,560.67,562.4,562.41,556.72,544.98,560.08,556.72,560.1,562.38,570.11,564.64,570.14,578,577.3
5/29/09,560.1,560.67,558,560.67,562.31,562.41,556.72,545.03,560.1,556.73,560.1,562.38,570.1,564.64,570.14,577.99,577.26
6/3/09,560.06,560.65,557.98,560.65,562.38,562.39,556.71,545,560.06,556.71,560.08,562.34,570.05,564.62,570.11,577.96,577.22
6/12/09,560.04,560.63,557.99,560.63,562.27,562.37,556.7,544.99,560.04,556.71,560.08,562.34,570.02,564.62,570.09,577.93,577.2
6/18/09,560.06,560.63,558,560.63,562.37,562.37,556.7,545.01,560.06,556.7,560.07,562.31,570,564.61,570.06,577.91,577.19
6/24/09,560.1,560.61,557.95,560.61,562.25,562.35,556.67,544.98,560.1,556.68,560.05,562.26,569.97,564.59,570.03,577.88,577.17
6/29/09,560.01,560.58,557.91,560.58,562.31,562.33,556.65,544.95,560.01,556.66,560.02,562.18,569.92,564.55,569.99,577.83,577.14
7/8/09,559.99,560.56,557.88,560.56,562.2,562.3,556.63,544.95,559.99,556.64,559.99,562.12,569.86,564.51,569.94,577.79,577.1
7/16/09,559.95,560.53,557.86,560.53,562.27,562.26,556.6,544.91,559.95,556.6,559.94,562.01,569.83,564.49,569.92,577.77,577.08
7/24/09,559.9,560.48,557.77,560.48,562.12,562.23,556.57,544.87,559.9,556.54,559.79,561.94,569.67,564.36,569.81,577.68,577.01
7/30/09,559.87,560.45,557.71,560.45,562.18,562.2,556.53,544.84,559.87,556.49,559.66,561.94,569.56,564.26,569.74,577.63,576.96
8/6/09,559.84,560.42,557.66,560.42,562.06,562.17,556.5,544.81,559.84,556.43,559.66,561.94,569.56,564.26,569.64,577.59,576.93
8/11/09,559.83,560.41,557.64,560.41,562.15,562.17,556.5,544.81,559.83,556.41,559.66,561.94,569.56,564.26,569.6,577.57,576.91
8/19/09,559.87,560.47,557.69,560.47,562.09,562.2,556.53,544.84,559.87,556.49,559.66,561.94,569.56,564.26,569.71,577.61,576.95
8/26/09,559.84,560.44,557.65,560.44,562.15,562.17,556.51,544.82,559.84,556.44,559.66,561.94,569.56,564.26,569.62,577.55,576.91
9/3/09,559.8,560.41,557.58,560.41,562.03,562.14,556.48,544.79,559.8,556.34,559.66,561.94,569.56,564.26,569.56,577.49,576.87
9/10/09,559.77,560.39,557.53,560.39,562.1,562.12,556.46,544.78,559.77,NA,559.66,561.94,569.56,564.26,569.56,577.45,576.84
9/17/09,559.77,560.38,557.5,560.38,562,562.12,556.45,544.76,559.77,556.28,559.66,561.94,569.56,564.26,569.56,577.42,576.82
10/5/09,559.75,560.36,557.49,560.36,562.07,562.09,556.45,544.73,559.75,556.31,559.66,561.94,569.56,564.26,569.56,577.36,576.79
10/14/09,559.74,560.33,557.48,560.33,561.97,562.08,556.45,544.71,559.74,556.31,559.66,561.94,569.56,564.26,569.56,577.34,576.79
10/19/09,559.76,560.35,557.52,560.35,562.09,562.09,556.47,544.73,559.76,556.4,559.66,561.94,569.56,564.26,569.56,577.36,576.8
4/15/10,560.02,NA,558.02,NA,562.39,562.47,556.75,545.27,560.02,556.75,560.09,562.38,570.14,564.63,570.15,577.9,577.39
4/21/10,560.04,560.68,558.01,560.68,562.37,562.46,556.73,545.26,560.04,556.73,560.09,562.37,570.1,564.63,570.14,577.93,577.37
4/28/10,560.02,560.67,558.01,560.67,562.36,562.45,556.73,545.25,560.02,556.73,560.1,562.38,570.08,564.64,570.13,577.86,577.34
5/6/10,560.02,560.66,558.02,560.66,562.35,562.43,556.73,545.23,560.02,556.73,560.1,562.38,570.06,564.64,570.12,577.83,577.34
5/13/10,560.12,560.7,558.04,560.7,562.39,562.46,556.76,545.26,560.12,556.76,560.11,562.41,570.09,564.65,570.16,577.88,577.36
5/19/10,560.07,560.69,558.02,560.69,562.38,562.46,556.74,545.28,560.07,556.74,560.09,562.37,570.06,564.64,569.96,577.86,577.35
5/28/10,560.09,560.72,558.03,560.72,562.41,562.49,556.77,545.26,560.09,556.76,560.13,562.39,570.1,564.64,570.17,577.9,577.37
6/2/10,560.09,560.7,558.03,560.7,562.4,562.48,556.74,545.24,560.09,556.75,560.12,562.38,570.07,564.64,570.15,577.88,577.35
6/10/10,560.07,560.69,558.01,560.69,562.38,562.45,556.73,545.21,560.07,556.73,560.09,562.36,570.03,564.64,570.12,577.84,577.32
6/17/10,560.09,560.69,558.03,560.69,562.4,562.48,556.75,545.22,560.09,556.75,560.18,562.32,570.04,564.64,570.13,577.85,577.33
6/23/10,560.07,560.68,558.01,560.68,562.39,562.47,556.74,545.21,560.07,556.74,560.15,562.3,570.01,564.63,570.11,577.83,577.28
6/30/10,560.07,560.66,557.99,560.66,562.37,562.45,556.72,545.21,560.07,556.71,560.11,NA,569.98,564.62,570.08,577.79,577.24
7/8/10,560.03,560.6,557.92,560.6,562.33,562.41,556.67,545.15,560.03,556.67,559.95,562.18,569.87,564.55,570,577.71,577.14
7/15/10,559.99,560.59,557.87,560.59,562.29,562.38,556.64,545.12,559.99,556.64,559.91,561.94,569.79,564.5,569.95,577.65,577.08
7/22/10,560.02,560.59,557.83,560.59,562.28,562.36,556.62,545.1,560.02,556.6,559.66,561.94,569.7,564.54,569.89,577.6,577.05
7/27/10,559.95,560.55,557.81,560.55,562.26,562.35,556.61,545.09,559.95,556.59,559.66,561.94,569.63,564.44,569.86,577.57,577.03
8/4/10,559.94,560.53,557.77,560.53,562.25,562.34,556.6,545.07,559.94,556.57,559.66,561.94,569.56,564.39,569.8,577.52,577.02
8/12/10,559.93,560.51,557.73,560.51,562.23,562.32,556.58,545.05,559.93,556.54,559.66,561.94,569.56,564.26,569.73,577.47,576.98
8/18/10,559.9,560.49,557.7,560.49,562.22,562.3,556.57,545.03,559.9,556.52,559.66,561.94,569.56,564.26,569.68,577.43,576.94
8/26/10,559.87,560.46,557.64,560.46,562.18,562.26,556.53,544.99,559.87,556.46,559.66,561.94,569.56,564.26,569.56,577.34,576.93
9/3/10,559.85,560.43,557.6,560.43,562.15,562.25,556.52,544.96,559.85,556.43,559.66,561.94,569.56,564.26,569.56,577.26,576.89
9/17/10,559.88,560.46,557.64,560.46,562.18,562.27,556.56,544.98,559.88,556.51,559.66,561.94,569.56,564.26,569.56,577.26,576.88
11/12/10,559.84,560.45,557.61,560.45,562.15,562.24,556.57,544.94,559.84,556.59,559.84,561.94,569.56,564.26,569.56,576.96,576.87
4/27/11,560.26,560.96,557.98,560.96,NA,NA,556.76,545.43,560.26,556.81,560.28,562.41,570.2,564.65,570.21,577.86,577.29
5/6/11,560.29,561,558,561,562.55,562.73,556.73,545.43,560.29,556.78,560.3,562.4,570.17,564.65,570.2,577.84,577.28
5/12/11,560.26,NA,558.01,NA,562.55,562.75,556.72,545.5,560.26,556.77,560.31,562.4,570.16,564.65,570.2,577.84,577.3
5/19/11,560.3,561.01,558,561.01,562.55,562.74,556.71,545.5,560.3,556.75,560.31,562.38,570.14,564.65,570.19,577.83,NA
5/26/11,560.3,561.03,558.01,561.03,562.57,562.76,556.71,545.51,560.3,556.76,560.33,562.38,570.14,564.65,570.19,577.84,577.3
6/2/11,560.3,561.02,558,561.02,562.56,562.75,556.71,545.48,560.3,556.76,560.33,562.38,570.12,564.65,570.18,577.83,577.3
6/9/11,560.3,561,557.98,561,562.53,562.73,556.68,545.47,560.3,556.73,560.3,562.3,570.06,564.63,570.13,577.77,577.23
6/13/11,560.31,561,557.99,561,562.54,562.73,556.7,545.49,560.31,556.75,560.3,562.29,570.08,564.63,570.14,577.77,577.23
6/20/11,560.34,561.02,558,561.02,562.59,562.78,556.72,545.58,560.34,556.77,560.34,562.37,570.08,564.63,570.15,577.79,577.28
6/29/11,560.32,561.06,558,561.06,562.63,562.83,556.72,545.62,560.32,556.77,560.39,562.38,570.11,564.63,570.18,577.83,577.32
7/6/11,560.37,561.04,557.97,561.04,562.6,562.81,556.68,545.62,560.37,556.74,560.36,562.27,570.05,564.6,570.13,577.77,577.28
7/11/11,560.39,561.06,557.99,561.06,562.62,562.82,556.7,545.66,560.39,556.75,560.38,562.3,570.06,564.61,570.14,577.77,577.24
7/21/11,560.39,561.07,557.98,561.07,562.65,562.84,NA,545.66,560.39,556.74,560.39,562.3,570.04,564.6,570.13,577.77,577.28
7/25/11,560.41,561.1,558.01,561.1,562.67,562.88,556.71,545.69,560.41,556.77,560.41,562.34,570.06,564.62,570.15,577.79,577.32
8/3/11,560.41,561.1,558,561.1,562.69,562.9,556.71,NA,560.41,556.76,560.42,562.31,570.05,564.61,570.14,577.78,577.32
8/11/11,560.38,561.12,557.99,561.12,562.68,562.9,556.69,NA,560.38,556.74,560.41,562.28,570.02,564.6,570.13,577.76,577.34
8/17/11,560.38,561.16,557.96,561.16,562.71,562.92,556.71,545.73,560.38,556.76,560.44,562.32,570.04,564.61,570.15,577.79,577.35
8/26/11,560.38,561.12,557.96,561.12,562.68,562.89,556.67,545.71,560.38,556.73,560.41,562.19,569.97,564.51,570.1,577.72,577.34
9/2/11,560.39,561.12,557.95,561.12,562.66,562.88,556.67,545.7,560.39,556.72,560.39,562.1,569.92,564.56,570.07,577.68,577.32
9/9/11,560.36,561.09,557.92,561.09,562.64,562.87,556.66,545.63,560.36,556.71,560.37,561.94,569.86,564.51,570.03,577.63,577.27
9/13/11,560.35,561.06,557.9,561.06,562.62,562.83,556.65,545.65,560.35,556.69,560.35,561.94,569.82,NA,569.99,577.58,577.24
9/23/11,560.34,561.06,557.92,561.06,562.61,562.83,556.66,545.63,560.34,556.72,560.34,561.94,569.81,564.51,569.99,577.57,577.24
9/29/11,560.33,561.05,557.9,561.05,562.6,562.81,556.65,545.62,560.33,556.71,560.32,561.94,569.74,564.47,569.95,577.52,577.22
10/5/11,560.31,561.02,557.83,561.02,562.57,562.79,556.64,545.61,560.31,556.69,560.3,561.94,569.66,564.44,569.91,577.46,577.19
10/14/11,560.31,561.02,557.88,561.02,562.57,562.78,556.66,545.6,560.31,556.71,560.3,561.94,569.61,564.44,569.89,577.44,577.18
10/21/11,560.3,561,557.86,561,562.55,562.76,556.65,545.59,560.3,556.7,560.29,561.94,569.56,564.44,569.86,577.4,577.15
10/27/11,560.3,561.01,557.86,561.01,562.55,562.76,556.66,545.59,560.3,556.71,560.29,561.94,569.56,564.42,569.85,577.38,577.15
3/16/12,NA,NA,NA,NA,562.55,562.72,NA,NA,NA,556.81,560.25,562.24,569.56,564.51,569.78,577.31,NA
4/5/12,560.23,560.98,557.74,560.98,562.52,562.7,556.76,545.59,560.23,556.77,560.25,561.94,569.56,564.46,569.65,577.24,576.93
4/11/12,560.2,560.95,557.72,560.95,562.49,562.67,556.74,545.57,560.2,556.75,560.22,561.94,569.56,564.42,569.57,577.19,576.91
4/20/12,560.23,560.98,557.76,560.98,562.51,562.69,556.74,545.59,560.23,556.76,560.24,561.94,569.56,564.48,569.63,577.26,576.94
4/25/12,560.22,560.96,557.75,560.96,562.51,562.68,556.73,545.58,560.22,556.74,560.23,561.94,569.56,564.45,569.58,577.24,576.93
5/1/12,560.23,560.97,557.78,560.97,562.51,562.68,556.74,545.6,560.23,556.75,560.24,561.94,569.56,564.49,569.63,577.27,576.94
5/7/12,560.23,560.96,557.79,560.96,562.51,562.69,556.74,545.58,560.23,556.75,560.25,561.94,569.56,564.5,569.64,577.28,576.92
5/16/12,560.2,560.92,557.76,560.92,562.46,562.65,556.7,545.55,560.2,556.72,560.21,561.94,569.56,564.44,569.56,577.2,576.88
5/24/12,560.17,560.91,557.75,560.91,562.45,562.64,556.7,545.54,560.17,556.71,560.19,561.94,569.56,564.41,569.56,577.16,576.86
5/31/12,560.17,560.91,557.76,560.91,562.45,562.62,556.71,545.54,560.17,556.72,560.19,561.94,569.56,564.42,569.56,577.16,576.85
6/6/12,560.16,560.9,557.74,560.9,562.44,562.62,556.69,545.53,560.16,556.7,560.17,561.94,569.56,564.36,569.56,577.06,576.83
6/14/12,560.15,560.9,557.75,560.9,562.44,562.61,556.7,545.52,560.15,556.71,560.17,561.94,569.56,564.36,569.56,577.03,576.81
6/21/12,560.13,560.88,557.73,560.88,562.42,562.61,556.69,545.53,560.13,556.7,560.15,561.94,569.56,564.31,569.56,576.96,576.79
6/27/12,560.12,560.86,557.7,560.86,562.4,562.58,556.67,545.51,560.12,556.67,560.13,561.94,569.56,564.26,569.56,576.96,576.75
7/3/12,560.1,560.85,557.66,560.85,562.38,562.58,556.65,545.5,560.1,556.66,560.11,561.94,569.56,564.26,569.56,576.96,576.72
7/9/12,560.09,560.84,557.64,560.84,562.37,562.56,556.64,545.49,560.09,556.65,560.1,561.94,569.56,564.26,569.56,576.96,576.7
7/16/12,560.04,560.8,557.56,560.8,562.34,562.52,556.6,545.46,560.04,556.58,560.02,561.94,569.56,564.26,569.56,576.96,576.64
7/26/12,559.97,560.74,557.45,560.74,562.28,562.46,556.54,545.4,559.97,556.48,559.88,561.94,569.56,564.26,569.56,576.96,576.55
7/31/12,559.95,560.72,557.39,560.72,562.25,562.44,556.51,545.37,559.95,556.43,559.66,561.94,569.56,564.26,569.56,576.96,576.51
8/9/12,559.95,560.72,557.41,560.72,562.26,562.44,556.53,545.39,559.95,556.16,559.66,561.94,569.56,564.26,569.56,576.96,576.51
8/16/12,559.92,560.68,557.34,560.68,562.23,562.41,556.5,545.35,559.92,556.16,559.66,561.94,569.56,564.26,569.56,576.96,576.46
8/22/12,559.89,560.66,557.27,560.66,562.2,562.38,556.46,545.32,559.89,556.16,559.66,561.94,569.56,564.26,569.56,576.96,576.41
8/30/12,559.83,560.62,557.18,560.62,562.16,562.34,556.42,545.29,559.83,556.16,559.66,561.94,569.56,564.26,569.56,576.96,576.33
9/5/12,559.82,560.59,557.16,560.59,562.13,562.31,556.39,545.26,559.82,556.16,559.66,561.94,569.56,564.26,569.56,576.96,576.28
9/13/12,559.76,560.54,557.16,560.54,562.09,562.26,556.35,545.21,559.76,556.16,559.66,561.94,569.56,564.26,569.56,576.96,576.16
9/20/12,559.74,560.51,557.16,560.51,562.05,562.23,556.33,545.18,559.74,556.16,559.66,561.94,569.56,564.26,569.56,576.96,576.16
9/26/12,559.72,560.49,557.16,560.49,562.03,562.2,556.31,545.16,559.72,556.16,559.66,561.94,569.56,564.26,569.56,576.96,576.16
10/3/12,559.7,560.48,557.16,560.48,562.01,562.18,556.29,545.14,559.7,556.16,559.66,561.94,569.56,564.26,569.56,576.96,576.16
10/10/12,559.7,560.47,557.16,560.47,562.01,562.18,556.3,545.14,559.7,556.16,559.66,561.94,569.56,564.26,569.56,576.96,576.16
5/16/13,559.86,560.71,557.71,560.71,562.08,562.53,556.7,545.45,559.86,556.72,560.03,561.94,569.71,564.58,569.73,577.06,576.67
5/24/13,560.06,560.85,557.9,560.85,562.35,562.55,556.75,545.65,560.06,556.78,560.06,562.37,569.92,564.64,569.95,577.13,576.86
5/31/13,560.04,560.9,557.92,560.9,562.39,562.58,556.78,545.72,560.04,556.77,560.09,562.39,569.95,564.65,569.99,577.15,576.9
6/6/13,560.11,560.9,557.95,560.9,562.4,562.59,556.76,545.72,560.11,556.74,560.1,562.38,569.94,564.65,570.01,577.15,576.91
6/13/13,560.1,560.89,557.93,560.89,562.39,562.58,556.73,545.71,560.1,556.71,560.09,562.35,569.89,564.65,569.99,577.14,576.9
6/19/13,560.07,560.86,557.91,560.86,562.36,562.56,556.71,545.69,560.07,556.69,560.06,562.3,569.84,564.61,569.94,577.13,576.85
6/26/13,560.07,560.85,557.91,560.85,562.36,562.56,556.71,545.68,560.07,556.69,560.06,562.3,569.82,564.61,569.92,577.13,576.84
7/2/13,560.03,560.82,557.87,560.82,562.32,562.52,556.68,545.65,560.03,556.65,559.99,562.21,569.73,564.56,569.87,577.11,576.79
7/11/13,559.98,560.77,557.81,560.77,562.27,562.48,556.64,545.59,559.98,556.61,559.88,562.07,569.56,564.49,569.78,577.08,576.73
7/17/13,559.95,560.74,557.76,560.74,562.25,562.45,556.61,545.56,559.95,556.58,559.85,561.94,569.56,564.42,569.71,577.06,576.68
7/22/13,559.92,560.71,557.72,560.71,562.22,562.42,556.58,545.53,559.92,556.53,559.66,561.94,569.56,564.34,569.63,577.04,576.64
7/31/13,559.88,560.67,557.66,560.67,562.17,562.37,556.54,545.5,559.88,556.46,559.66,561.94,569.56,564.26,569.56,577.01,576.58
8/8/13,559.87,560.66,557.63,560.66,562.16,562.67,556.53,545.49,559.87,556.44,559.66,561.94,569.56,564.26,569.56,576.96,576.55
8/16/13,559.82,560.62,557.55,560.62,562.12,562.33,556.5,545.46,559.82,556.16,559.66,561.94,569.56,564.26,569.56,576.96,576.49
8/21/13,559.81,560.61,557.51,560.61,562.1,562.31,556.47,545.44,559.81,556.16,559.66,561.94,569.56,564.26,569.56,576.96,576.45
8/30/13,559.79,560.59,557.46,560.59,562.09,562.3,556.46,545.42,559.79,556.16,559.66,561.94,569.56,564.26,569.56,576.96,576.42
9/5/13,559.75,560.55,557.39,560.55,562.05,562.27,556.42,545.39,559.75,556.16,559.66,561.94,569.56,564.26,569.56,576.96,576.37
9/10/13,559.79,560.59,557.46,560.59,562.09,562.3,556.47,545.44,559.79,556.16,559.66,561.94,569.56,564.26,569.56,576.96,576.42
9/16/13,559.78,560.58,557.44,560.58,562.08,562.29,556.46,545.43,559.78,556.16,559.66,561.94,569.56,564.26,569.56,576.96,576.4
9/25/13,559.75,560.55,557.39,560.55,562.05,562.26,556.45,545.4,559.75,556.16,559.66,561.94,569.56,564.26,569.56,576.96,576.39
10/22/13,559.94,560.71,557.74,560.71,562.25,562.45,556.67,545.56,559.94,556.67,560.05,562.2,569.57,564.5,569.71,577.06,576.62
4/18/14,NA,NA,NA,NA,NA,NA,NA,NA,NA,NA,NA,562.19,570.02,NA,NA,NA,576.65
4/22/14,NA,560.75,NA,560.75,562.34,562.5,NA,NA,NA,NA,NA,562.2,NA,NA,NA,NA,NA
5/2/14,560.18,560.82,557.97,560.82,562.41,562.58,556.76,545.74,560.18,556.84,NA,562.28,570.13,564.65,570.14,577.06,576.94
5/7/14,560.19,560.83,557.99,560.83,562.42,562.58,556.74,545.78,560.19,556.82,560.13,562.29,570.11,564.65,570.15,577.07,576.94
5/14/14,560.13,560.83,557.99,560.83,562.42,562.59,556.71,545.81,560.13,556.79,560.14,562.28,570.09,564.65,570.15,577.07,576.94
5/21/14,560.19,560.82,557.99,560.82,562.41,562.58,556.69,545.81,560.19,556.77,560.14,562.27,570.06,564.65,570.13,577.06,576.94
5/28/14,560.17,560.8,557.99,560.8,562.39,562.57,556.66,545.9,560.17,556.74,560.12,562.26,570.02,564.65,570.1,577.05,576.92
6/3/14,560.14,560.78,557.98,560.78,562.37,562.55,556.65,545.81,560.14,556.73,560.1,562.25,569.99,564.64,570.08,577.04,576.91
6/9/14,560.09,560.75,557.98,560.75,562.35,562.53,556.65,545.8,560.09,556.72,560.09,562.23,569.95,564.63,570.05,577.04,576.88
6/17/14,560.12,560.74,557.98,560.74,562.34,562.52,556.65,545.83,560.12,556.72,560.08,562.23,569.92,564.63,570.04,577.03,576.87
6/27/14,560.22,560.81,558.03,560.81,562.44,562.63,556.71,545.91,560.22,556.78,560.16,562.29,570.03,564.65,570.12,577.06,576.97
7/2/14,560.12,560.82,558.02,560.82,562.46,562.64,556.69,545.95,560.12,556.77,560.17,562.28,570.04,564.65,570.13,577.06,576.99
7/7/14,560.15,560.81,558.02,560.81,562.45,562.64,556.67,545.9,560.15,556.75,560.17,562.27,570.01,564.65,570.09,577.05,576.97
7/15/14,560.14,560.77,557.99,560.77,562.41,562.6,556.64,545.87,560.14,556.73,560.14,562.24,569.95,564.63,570.07,577.04,576.93
7/21/14,560.12,560.76,557.96,560.76,562.39,562.58,556.62,545.85,560.12,556.7,560.12,562.17,569.89,564.59,570.03,577.03,576.9
7/29/14,560.15,560.74,557.96,560.74,562.37,562.57,556.62,545.83,560.15,556.69,560.1,562.13,569.85,564.59,570.01,577.02,576.87
8/4/14,560.11,560.71,557.91,560.71,562.34,562.54,556.59,545.8,560.11,556.66,560.06,562.01,569.77,564.56,569.96,577.01,576.83
8/11/14,560.08,560.69,557.87,560.69,562.32,562.52,556.57,545.79,560.08,556.63,560.01,561.94,569.66,564.51,569.9,576.99,576.79
8/19/14,560.06,560.68,557.86,560.68,562.31,562.51,556.57,545.8,560.06,556.62,560,561.94,569.56,564.51,569.88,576.98,576.78
8/28/14,560.07,560.68,557.87,560.68,562.32,562.51,NA,545.8,560.07,556.65,560.04,561.94,569.56,564.53,569.88,576.99,576.79
9/3/14,560.08,560.68,557.87,560.68,562.32,562.51,556.59,545.8,560.08,556.66,560.05,561.94,569.56,564.53,569.87,576.98,576.78
9/10/14,560.06,560.67,557.87,560.67,562.31,562.51,556.59,545.79,560.06,556.67,560.06,561.94,569.56,564.53,569.85,576.98,576.78
9/17/14,560.05,560.66,557.85,560.66,562.3,562.49,556.57,545.77,560.05,556.65,NA,561.94,569.56,564.5,569.82,576.96,576.75
9/24/14,560.04,560.64,557.83,560.64,562.29,562.49,556.57,545.76,560.04,556.64,560.02,561.94,569.56,564.48,569.78,576.96,576.72
10/1/14,560.02,560.63,557.84,560.63,562.28,562.48,556.58,545.75,560.02,556.66,560.03,561.94,569.56,564.48,569.78,576.96,576.71
10/8/14,560.01,560.61,557.82,560.61,562.26,562.46,556.57,545.74,560.01,556.65,559.75,561.94,569.56,564.47,569.73,576.96,576.69
10/15/14,560,560.61,557.81,560.61,562.25,562.45,556.57,545.71,560,556.65,560.02,561.94,569.56,564.45,569.71,576.96,576.67
10/23/14,559.99,560.59,557.81,560.59,562.25,562.44,556.57,545.71,559.99,556.65,560.02,561.94,569.56,564.44,569.68,576.96,576.65
10/29/14,559.98,560.58,557.8,560.58,562.23,562.44,556.56,545.69,559.98,556.64,560.02,561.94,569.56,564.44,569.64,576.96,576.63
4/13/15,559.99,560.6,557.87,560.6,562.26,562.44,556.72,545.73,559.99,556.8,560.1,561.94,569.56,564.63,569.67,576.96,576.61
4/20/15,559.96,560.59,557.87,560.59,562.23,562.44,556.71,545.73,559.96,556.79,560.11,561.94,569.56,564.63,569.7,576.96,576.61
4/27/15,559.96,560.58,557.87,560.58,562.22,562.42,556.71,545.73,559.96,556.78,560.09,561.94,569.56,564.62,569.66,576.96,576.61
5/4/15,559.94,560.55,557.87,560.55,562.19,562.41,556.68,545.71,559.94,NA,560.08,561.94,569.56,564.61,569.65,576.96,576.57
5/15/15,560,560.61,557.98,560.61,562.26,562.46,556.71,545.75,560,556.79,560.09,562.07,569.71,564.65,569.81,576.96,576.68
5/22/15,560.09,560.68,558.03,560.68,562.34,562.53,556.7,545.83,560.09,556.78,560.08,562.27,569.87,564.65,569.94,576.99,576.78
5/29/15,560.09,560.67,558.03,560.67,562.32,562.53,556.67,545.82,560.09,556.75,560.08,562.26,569.83,564.65,569.94,576.99,576.78
6/3/15,560.07,560.66,558.03,560.66,562.31,562.52,556.66,545.8,560.07,556.74,560.09,562.26,569.81,564.65,569.94,576.99,576.77
6/8/15,560.07,560.64,558.02,560.64,562.3,562.51,556.65,545.81,560.07,556.74,560.08,562.24,569.77,564.64,569.92,576.99,576.75
6/17/15,560.08,560.66,558.04,560.66,562.32,562.53,556.67,545.82,560.08,556.75,560.09,562.27,569.8,564.65,569.94,576.99,576.78
6/22/15,560.06,560.67,558.04,560.67,562.35,562.56,556.68,545.81,560.06,556.76,560.09,562.28,569.82,564.65,569.96,577,576.8
6/29/15,560.06,560.64,558.01,560.64,562.31,562.53,556.65,545.8,560.06,556.73,560.04,562.19,569.71,564.62,569.91,576.98,576.76
7/7/15,560.06,560.64,558,560.64,562.31,562.53,556.64,545.78,560.06,556.72,560.04,562.13,569.61,564.61,569.88,576.98,576.75
7/13/15,560.03,560.61,557.97,560.61,562.3,562.51,556.63,545.75,560.03,556.7,559.99,562.05,569.56,564.58,569.85,576.96,576.72
7/20/15,560.02,560.6,557.96,560.6,562.28,562.5,556.62,545.75,560.02,556.7,559.98,561.96,569.56,564.57,569.81,576.96,576.7
7/27/15,559.99,560.58,557.92,560.58,562.26,562.48,556.6,545.73,559.99,556.67,559.91,561.94,569.56,564.52,569.74,576.96,576.66
8/3/15,559.95,560.53,557.85,560.53,562.21,562.43,556.55,545.68,559.95,556.6,559.79,561.94,569.56,564.43,569.62,576.96,576.59
8/10/15,559.92,560.5,557.78,560.5,562.19,562.41,556.52,545.67,559.92,556.55,559.66,561.94,569.56,564.37,569.56,576.96,576.53
8/18/15,559.88,560.48,557.74,560.48,562.15,562.4,556.5,545.62,559.88,556.51,559.66,561.94,569.56,564.29,569.56,576.96,576.5
8/24/15,559.86,560.45,557.72,560.45,562.13,562.35,556.49,545.61,559.86,556.51,559.66,561.94,569.56,564.26,569.56,576.96,576.46
8/31/15,559.84,560.44,557.67,560.44,562.12,562.34,556.47,545.59,559.84,556.46,559.66,561.94,569.56,564.26,569.56,576.96,576.43
9/8/15,559.82,560.41,557.63,560.41,562.09,562.31,556.45,545.56,559.82,556.43,559.66,561.94,569.56,564.26,569.56,576.96,576.16
9/14/15,559.79,560.39,557.58,560.39,562.06,562.28,556.42,545.54,559.79,556.38,559.66,561.94,569.56,564.26,569.56,576.96,576.16
9/21/15,559.76,560.36,557.55,560.36,562.04,562.26,556.4,545.51,559.76,556.35,559.66,561.94,569.56,564.26,569.56,576.96,576.16
9/30/15,559.73,560.33,557.49,560.33,562.01,562.23,556.38,545.47,559.73,NA,559.66,561.94,569.56,564.26,569.56,576.96,576.16
10/5/15,559.71,560.3,557.48,560.3,561.99,562.21,556.36,545.45,559.71,556.29,559.66,561.94,569.56,564.26,569.56,576.96,576.16
10/21/15,559.67,560.26,557.42,560.26,561.95,562.16,556.34,545.4,559.67,NA,559.66,561.94,569.56,564.26,569.56,576.96,576.16