<?xml version="1.0" encoding="UTF-8"?><metadata><idinfo><citation><citeinfo><origin>U.S. Geological Survey</origin><pubdate>2018</pubdate><title>Cottonwood Lake Study Area - Boundary Polygon</title><geoform>vector digital data</geoform><othercit>Suggested Citation: U.S. Geological Survey, 2018, Cottonwood Lake Study Area - Boundary Polygon, U.S. Geological Survey data release, https://doi.org/10.5066/P9B0GADT.</othercit><onlink>https://dx.doi.org/10.5066/P9B0GADT</onlink><lworkcit><citeinfo><origin>U.S. Geological Survey</origin><pubdate>Unpublished material</pubdate><title>Missouri Coteau Wetland Ecosystem Observatory</title><geoform>Webpage</geoform><onlink>https://www.sciencebase.gov/catalog/item/52f0ffd9e4b0f941aa181fc6</onlink></citeinfo></lworkcit></citeinfo></citation><descript><abstract>Boundary polygon for the Cottonwood Lake Study Area, Stutsman County, North Dakota.</abstract><purpose>This boundary polygon for the Cottonwood Lake Study Area was created in order to identify the location of the study area in Stutsman County, North Dakota.</purpose><supplinf>This data set is part of the Missouri Coteau Wetland Ecosystem Observatory database that is a collection of abiotic and biotic data documenting biotic and abiotic responses to long-term climate variability in the Prairie Pothole Region of the U.S. The Prairie Pothole Region has a naturally dynamic climate that is characterized by extended wet and dry periods, and its wetlands have spatially variable hydrologic and biotic traits. The Cottonwood Lake Study Area in Stutsman County, North Dakota contains wetlands representative of multiple positions along a hydrologic continuum, from groundwater recharge to discharge. The extensive history of data collection in the Cottonwood Lakes Study Area provides a unique opportunity to assess the impact of climate variability on ecosystem health and productivity.  The Cottonwood Lake Study Area is part of a complex of Waterfowl Production Areas in Stutsman County, North Dakota owned and managed by the U.S. Fish and Wildlife Service.</supplinf></descript><timeperd><timeinfo><sngdate><caldate>2018</caldate></sngdate></timeinfo><current>ground condition</current></timeperd><status><progress>Complete</progress><update>None planned</update></status><spdom><bounding><westbc>-99.146379</westbc><eastbc>-99.091192</eastbc><northbc>47.109360</northbc><southbc>47.095665</southbc></bounding></spdom><keywords><theme><themekt>USGS Thesaurus</themekt><themekey>geospatial datasets</themekey><themekey>surface water (non-marine)</themekey><themekey>wetland ecosystems</themekey></theme><theme><themekt>ISO 19115 Topic Categories</themekt><themekey>environment</themekey><themekey>inlandWaters</themekey><themekey>location</themekey></theme><theme><themekt>Global Change Master Directory</themekt><themekey>EARTH SCIENCE&gt;BIOSPHERE&gt;AQUATIC ECOSYSTEMS&gt;WETLANDS&gt;LACUSTRINE WETLANDS</themekey><themekey>EARTH SCIENCE&gt;BIOSPHERE&gt;AQUATIC ECOSYSTEMS&gt;WETLANDS&gt;PALUSTRINE WETLANDS</themekey><themekey>EARTH SCIENCE&gt;BIOSPHERE&gt;TERRESTRIAL ECOSYSTEMS&gt;WETLANDS&gt;LACUSTRINE WETLANDS</themekey><themekey>EARTH SCIENCE&gt;BIOSPHERE&gt;TERRESTRIAL ECOSYSTEMS&gt;WETLANDS&gt;PALUSTRINE WETLANDS</themekey></theme><place><placekt>Geographic Names Information System</placekt><placekey>United States of America</placekey><placekey>North Dakota</placekey><placekey>Stutsman County</placekey></place><place><placekt>None</placekt><placekey>Northern Great Plains</placekey><placekey>Prairie Pothole Region</placekey><placekey>Cottonwood Lake Study Area</placekey></place><place><placekt>FWS Cadastral Database</placekt><placekey>CHASE LAKE WETLAND MANAGEMENT DISTRICT&gt;STUTSMAN COUNTY WATERFOWL PRODUCTION AREA&gt;Eddy</placekey><placekey>CHASE LAKE WETLAND MANAGEMENT DISTRICT&gt;STUTSMAN COUNTY WATERFOWL PRODUCTION AREA&gt;Shuler</placekey></place></keywords><accconst>Authorized distribution is strongly recommended to be direct from the distributor described above or from U.S. Geological Survey Science Base Catalog Service (hhtps://www.sciencebase.gov). Data integrity can be verified using authentication information herein. The distributor makes no claims as to the suitability of these data for other purposes than those described herein.</accconst><useconst>Users should not use these data for critical applications without a full awareness of its limitations. Users should be aware that temporal changes may have occurred since this data set was collected and that some parts of these data may no longer represent actual ground conditions. Users should also be aware that comparison with other data sets for the same area that were generated from other time periods may be inaccurate due to inconsistencies resulting from changes in mapping conventions, data collection, and computer processing methods over time. The distributor shall not be liable for improper or incorrect use of these data, based on the description of appropriate/inappropriate uses described in this metadata document. Acknowledgment of the U.S. Geological Survey Northern Prairie Wildlife Research Center as a data source would be appreciated in products developed from these data, and such acknowledgment as is standard for citation and legal practices for data source is expected by users of this data set. Notification of new data products developed directly from these data would also be appreciated; please notify the listed primary contact or U.S. Geological Survey Northern Prairie Wildlife Center staff.</useconst><ptcontac><cntinfo><cntperp><cntper>David M. Mushet</cntper><cntorg>U.S. Geological Survey</cntorg></cntperp><cntpos>Principal Investigator</cntpos><cntaddr><addrtype>Physical and mailing</addrtype><address>Northern Prairie Wildlife Research Center</address><address>8711 37th Street Southeast</address><city>Jamestown</city><state>North Dakota</state><postal>58401</postal><country>United States</country></cntaddr><cntvoice>1-701-253-5558</cntvoice><cntemail>dmushet@usgs.gov</cntemail><hours>8:00 AM - 4:30 PM CST</hours></cntinfo></ptcontac><datacred>Funding was provided by the Land Change Science Research and Development Program of the U.S. Geological Survey land Resources Mission Area.</datacred></idinfo><dataqual><attracc><attraccr>Polygon was compared to georeferenced aerial photography to assess accuracy.</attraccr></attracc><logic>Attribute table was inspected to ensure all fields had valid values.</logic><complete>Complete</complete><posacc><horizpa><horizpar>1 meter</horizpar></horizpa><vertacc><vertaccr>A formal accuracy assessment of the vertical positional information in the data set has either not been conducted, or is not applicable.</vertaccr></vertacc></posacc><lineage><procstep><procdesc>Manually delineated polygon in ArcMap using 2016 National Agriculture Imaging Program photography as a guide.</procdesc><procdate>20170323</procdate></procstep></lineage></dataqual><spdoinfo><direct>Vector</direct><ptvctinf><sdtsterm><sdtstype>Area chain</sdtstype><ptvctcnt>1</ptvctcnt></sdtsterm></ptvctinf></spdoinfo><spref><horizsys><planar><gridsys><gridsysn>Universal Transverse Mercator</gridsysn><utm><utmzone>14</utmzone><transmer><sfctrmer>0.9996</sfctrmer><longcm>-99</longcm><latprjo>0.0</latprjo><feast>500000</feast><fnorth>0.0</fnorth></transmer></utm></gridsys><planci><plance>coordinate pair</plance><coordrep><absres>0.001</absres><ordres>0.001</ordres></coordrep><plandu>meters</plandu></planci></planar><geodetic><horizdn>North American Datum of 1983</horizdn><ellips>Geodetic Reference System 80</ellips><semiaxis>6378137</semiaxis><denflat>298.257</denflat></geodetic></horizsys></spref><eainfo><detailed><enttyp><enttypl>CLSA_Boundary_Polygon</enttypl><enttypd>Bounding polygon for the Cottonwood Lake Study Area, Stutsman County, North Dakota.</enttypd><enttypds>Originator defined</enttypds></enttyp><attr><attrlabl>FID</attrlabl><attrdef>Internal feature number.</attrdef><attrdefs>ESRI</attrdefs><attrdomv><udom>Sequential unique whole numbers that are automatically generated.</udom></attrdomv></attr><attr><attrlabl>Shape</attrlabl><attrdef>Type of vector object</attrdef><attrdefs>ESRI</attrdefs><attrdomv><udom>Polygon</udom></attrdomv></attr><attr><attrlabl>Id</attrlabl><attrdef>Polygon identification number</attrdef><attrdefs>ESRI</attrdefs><attrdomv><udom>Sequential unique whole numbers that are automatically generated.</udom></attrdomv></attr></detailed></eainfo><distinfo><distrib><cntinfo><cntorgp><cntorg>U.S. Geological Survey - ScienceBase</cntorg></cntorgp><cntaddr><addrtype>Mailing</addrtype><address>Denver Federal Center</address><address>Building 810, Mail Stop 302</address><city>Denver</city><state>CO</state><postal>80225</postal><country>United States</country></cntaddr><cntvoice>1-888-275-8747</cntvoice><cntemail>sciencebase@usgs.gov</cntemail></cntinfo></distrib><distliab>Unless otherwise stated, all data, metadata and related materials are considered to satisfy the quality standards relative to the purpose for which the data were collected. Although these data and associated metadata have been reviewed for accuracy and completeness and approved for release by the U.S. Geological Survey (USGS), no warranty expressed or implied is made regarding the display or utility of the data on any other system or for general or scientific purposes, nor shall the act of distribution constitute any such warranty.</distliab><stdorder><digform><digtinfo><formname>ESRI Shapefile</formname><formvern>1.0</formvern><formcont>CLSA_Outline.shp</formcont><filedec>WinZip</filedec><transize>0.007</transize></digtinfo><digtopt><onlinopt><computer><networka><networkr>https://www.sciencebase.gov/catalog/file/get/58bdb504e4b01a6517dc0db1?facet=CLSA_Wetland_Identifier_Points</networkr></networka></computer></onlinopt></digtopt></digform><digform><digtinfo><formname>Web Map Service</formname><formvern>1.3.0</formvern><formcont>CLSA_Wetland_Identifier_Points</formcont></digtinfo><digtopt><onlinopt><computer><networka><networkr>https://www.sciencebase.gov/catalogMaps/mapping/ows/58bdb504e4b01a6517dc0db1?service=wms&amp;request=getcapabilities&amp;version=1.3.0</networkr></networka></computer></onlinopt></digtopt></digform><digform><digtinfo><formname>Web Feature Service</formname><formvern>1.0.0</formvern><formcont>CLSA_Wetland_Identifier_Points</formcont></digtinfo><digtopt><onlinopt><computer><networka><networkr>https://www.sciencebase.gov/catalogMaps/mapping/ows/58bdb504e4b01a6517dc0db1?service=wfs&amp;request=getcapabilities&amp;version=1.0.0</networkr></networka></computer></onlinopt></digtopt></digform><fees>None</fees></stdorder></distinfo><metainfo><metd>20181217</metd><metc><cntinfo><cntorgp><cntorg>Northern Prairie Wildlife Research Center</cntorg></cntorgp><cntaddr><addrtype>Physical and mailing</addrtype><address>8711 37th Street SE</address><city>Jamestown</city><state>ND</state><postal>58401</postal><country>United States</country></cntaddr><cntvoice>1-701-253-5500</cntvoice><cntemail>http://www.npwrc.usgs.gov/contact</cntemail></cntinfo></metc><metstdn>FGDC Content Standards for Digital Geospatial Metadata</metstdn><metstdv>FGDC-STD-001-1998</metstdv><metac>It is strongly recommended that this metadata record is directly acquired from the distributor described above or from U.S. Geological Survey Science Data Catalog (http://data.usgs.gov/) or ScienceBase Catalog Service (https://www.sciencebase.gov).</metac><metuc>Acknowledgment of U.S. Geological Survey Northern Prairie Wildlife Research Center as the metadata source would be appreciated. Please cite the original metadata when using summarized data herein or when using portions of the metadata record to create a similar record of slightly altered data, such as re-projection.</metuc><metalang>En</metalang></metainfo></metadata>